id,year_published,top_sell_category,title,month_published,genre,languages_interface,languages_spoken,recommended_graphics,user_ratings_positive,user_ratings_negative,age_rating_PEGI,price_USD
1599340,2022,Platinum,Lost Ark,02,Action|Adventure|Massively Multiplayer|RPG|Free To Play,English|Spanish - Spain,English|Spanish - Spain,Nvidia Geforce GTX 1660 Super|AMD Radeon RX 6600,108155,41295,18,0
1245620,2022,Platinum,ELDEN RING,02,Action|RPG,English|French|Italian|German|Spanish - Spain|Japanese|Korean|Polish|Portuguese - Brazil|Russian|Simplified Chinese|Spanish - Latin America|Thai|Traditional Chinese|Arabic,English,NVIDIA GEFORCE GTX 1070|AMD RADEON RX VEGA 56,261763,44045,NA,60
1142710,2022,Platinum,Total War: WARHAMMER III,02,Action|Strategy,English|French|Italian|German|Spanish - Spain|Czech|Korean|Polish|Portuguese - Brazil|Russian|Simplified Chinese|Traditional Chinese|Turkish,English,Nvidia GeForce GTX 1660 Ti|AMD RX 5600 XT|Intel Arc A750,17070,10952,16,60
1332010,2022,Platinum,Stray,07,Adventure|Indie,English|French|Italian|German|Spanish - Spain|Japanese|Korean|Polish|Portuguese - Brazil|Russian|Simplified Chinese|Spanish - Latin America|Traditional Chinese|Turkish|Dutch|Portuguese - Portugal,NA,NVIDIA GeForce GTX 780|AMD Radeon R9,68523,1783,12,30
534380,2022,Platinum,Dying Light 2 Stay Human: Reloaded Edition,02,Action|Adventure|RPG,English|French|Italian|German|Spanish - Spain|Korean|Polish|Portuguese - Brazil|Russian|Spanish - Latin America|Arabic|Czech|Japanese|Portuguese - Portugal|Simplified Chinese|Traditional Chinese|Turkish,English|French|German|Spanish - Spain|Polish|Portuguese - Brazil|Russian|Spanish - Latin America|Japanese|Simplified Chinese,NVIDIA GeForce RTX 2060|AMD RX Vega 56,54306,14325,18,60
920210,2022,Platinum,LEGO® Star Wars™: The Skywalker Saga,04,Action|Adventure,English|French|Italian|German|Spanish - Spain|Arabic|Danish|Dutch|Korean|Polish|Portuguese - Brazil|Russian|Spanish - Latin America|Traditional Chinese|Japanese,English|French|Italian|German|Spanish - Spain|Polish|Portuguese - Brazil|Spanish - Latin America|Japanese,GeForce GTX 780|Radeon R9,19579,1479,7,50
1449850,2022,Platinum,Yu-Gi-Oh! Master Duel,01,Simulation|Strategy|Free To Play,English|French|Italian|German|Spanish - Latin America|Portuguese - Brazil|Japanese|Korean|Simplified Chinese|Traditional Chinese,NA,NVIDIA GeForce RTX 3060,24478,7311,7,0
1446780,2022,Platinum,MONSTER HUNTER RISE,01,Action,English|French|Italian|German|Spanish - Spain|Arabic|Japanese|Korean|Polish|Portuguese - Brazil|Russian|Simplified Chinese|Traditional Chinese|Spanish - Latin America,English|Japanese,NVIDIA GeForce GTX 1060|AMD Radeon RX 570,13369,2101,12,40
1361210,2022,Platinum,"Warhammer 40,000: Darktide",11,Action|Adventure|RPG,English|French|Italian|German|Spanish - Spain|Polish|Portuguese - Brazil|Russian|Simplified Chinese|Japanese|Korean|Traditional Chinese,English,NVIDIA GeForce RTX 3060|AMD Radeon RX 5700 XT,29104,18217,NA,40
1811260,2022,Platinum,EA SPORTS™ FIFA 23,09,Simulation|Sports,English|French|Italian|German|Spanish - Spain|Arabic|Czech|Danish|Dutch|Japanese|Korean|Norwegian|Polish|Portuguese - Portugal|Portuguese - Brazil|Russian|Simplified Chinese|Spanish - Latin America|Swedish|Traditional Chinese|Turkish,English|French|Italian|German|Spanish - Spain|Arabic|Dutch|Japanese|Polish|Portuguese - Brazil|Russian|Simplified Chinese,NVIDIA GeForce GTX 1660|AMD Radeon RX 5600 XT,7585,10988,3,NA
1938090,2022,Platinum,Call of Duty®,10,Action,English|French|Italian|German|Spanish - Spain|Korean|Polish|Russian|Traditional Chinese|Japanese|Spanish - Latin America|Arabic|Simplified Chinese|Portuguese - Brazil,English|French|Italian|German|Spanish - Spain|Japanese|Spanish - Latin America|Simplified Chinese|Portuguese - Brazil,AMD Radeon RX 6600XT|NVIDIA GeForce RTX 3060|Intel Arc B580,81848,49892,18,70
1604030,2022,Platinum,V Rising,05,Action|Adventure|Massively Multiplayer,English|French|German|Spanish - Spain|Portuguese - Brazil|Simplified Chinese|Italian|Hungarian|Japanese|Korean|Polish|Russian|Turkish|Traditional Chinese|Thai|Ukrainian,English,NVIDIA GeForce GTX 1070|AMD Radeon RX 590,11565,1766,12,35
1604030,2022,Platinum,V Rising,05,Action|Adventure|Massively Multiplayer,English|French|German|Spanish - Spain|Portuguese - Brazil|Simplified Chinese|Italian|Hungarian|Japanese|Korean|Polish|Russian|Turkish|Traditional Chinese|Thai|Ukrainian,English,NVIDIA GeForce GTX 1070|AMD Radeon RX 590,11565,1766,12,35
1604030,2022,Platinum,V Rising,05,Action|Adventure|Massively Multiplayer,English|French|German|Spanish - Spain|Portuguese - Brazil|Simplified Chinese|Italian|Hungarian|Japanese|Korean|Polish|Russian|Turkish|Traditional Chinese|Thai|Ukrainian,English,NVIDIA GeForce GTX 1070|AMD Radeon RX 590,11565,1766,12,35
1604030,2022,Platinum,V Rising,05,Action|Adventure|Massively Multiplayer,English|French|German|Spanish - Spain|Portuguese - Brazil|Simplified Chinese|Italian|Hungarian|Japanese|Korean|Polish|Russian|Turkish|Traditional Chinese|Thai|Ukrainian,English,NVIDIA GeForce GTX 1070|AMD Radeon RX 590,11565,1766,12,35
1604030,2022,Platinum,V Rising,05,Action|Adventure|Massively Multiplayer,English|French|German|Spanish - Spain|Portuguese - Brazil|Simplified Chinese|Italian|Hungarian|Japanese|Korean|Polish|Russian|Turkish|Traditional Chinese|Thai|Ukrainian,English,NVIDIA GeForce GTX 1070|AMD Radeon RX 590,11565,1766,12,35
1604030,2022,Platinum,V Rising,05,Action|Adventure|Massively Multiplayer,English|French|German|Spanish - Spain|Portuguese - Brazil|Simplified Chinese|Italian|Hungarian|Japanese|Korean|Polish|Russian|Turkish|Traditional Chinese|Thai|Ukrainian,English,NVIDIA GeForce GTX 1070|AMD Radeon RX 590,11565,1766,12,35
1604030,2022,Platinum,V Rising,05,Action|Adventure|Massively Multiplayer,English|French|German|Spanish - Spain|Portuguese - Brazil|Simplified Chinese|Italian|Hungarian|Japanese|Korean|Polish|Russian|Turkish|Traditional Chinese|Thai|Ukrainian,English,NVIDIA GeForce GTX 1070|AMD Radeon RX 590,11565,1766,12,35
1604030,2022,Platinum,V Rising,05,Action|Adventure|Massively Multiplayer,English|French|German|Spanish - Spain|Portuguese - Brazil|Simplified Chinese|Italian|Hungarian|Japanese|Korean|Polish|Russian|Turkish|Traditional Chinese|Thai|Ukrainian,English,NVIDIA GeForce GTX 1070|AMD Radeon RX 590,11565,1766,12,35
1286680,2022,Gold,Tiny Tina's Wonderlands,06,Action|Adventure|RPG,English|French|Italian|German|Spanish - Spain|Japanese|Korean|Portuguese - Brazil|Russian|Simplified Chinese|Thai|Traditional Chinese,English|French|German|Spanish - Spain|Japanese|Korean|Simplified Chinese,AMD Radeon RX 590|(NVIDIA GeForce GTX 1060,2121,670,16,60
975370,2022,Gold,Dwarf Fortress,12,Indie|Simulation|Strategy,English,NA,NA,16624,775,NA,NA
529340,2022,Gold,Victoria 3,10,Simulation|Strategy,English|French|German|Spanish - Spain|Japanese|Korean|Polish|Portuguese - Brazil|Russian|Simplified Chinese|Turkish,NA,Nvidia GeForce GTX 1660|AMD Radeon RX 5600 XT|Intel Arc A580,11019,5593,12,50
1462040,2022,Gold,FINAL FANTASY VII REMAKE INTERGRADE,06,Action|Adventure|RPG,English|French|Italian|German|Spanish - Spain|Spanish - Latin America|Portuguese - Brazil|Simplified Chinese|Traditional Chinese|Japanese|Korean,English|French|German|Japanese,AMD Radeon RX 5700|NVIDIA GeForce GTX 1080,5220,570,16,NA
648800,2022,Gold,Raft,06,Adventure|Indie|Simulation,English|French|Italian|German|Spanish - Spain|Japanese|Korean|Polish|Portuguese - Brazil|Russian|Simplified Chinese|Swedish,English,GeForce GTX 1050,21429,1772,NA,NA
1817070,2022,Gold,Marvel’s Spider-Man Remastered,08,Action|Adventure|Casual,English|French|Italian|German|Spanish - Spain|Czech|Danish|Dutch|Finnish|Greek|Hungarian|Japanese|Korean|Norwegian|Polish|Portuguese - Portugal|Portuguese - Brazil|Russian|Spanish - Latin America|Swedish|Traditional Chinese,English|French|Italian|German|Spanish - Spain|Arabic|Japanese|Polish|Portuguese - Portugal|Portuguese - Brazil|Russian|Spanish - Latin America,NVIDIA GTX 1060|AMD Radeon RX 580,26403,981,16,60
1687950,2022,Gold,Persona 5 Royal,10,RPG,English|French|Italian|German|Spanish - Spain|Japanese|Korean|Simplified Chinese|Traditional Chinese,English|Japanese,Nvidia GeForce GTX 760|AMD Radeon HD 7870,14390,354,16,60
1904540,2022,Gold,Football Manager 2023,11,Simulation|Sports,English|French|Italian|German|Spanish - Spain|Danish|Dutch|Korean|Norwegian|Polish|Portuguese - Portugal|Simplified Chinese|Swedish|Turkish|Greek|Russian,NA,NA,4719,795,NA,NA
1583230,2022,Gold,High On Life,12,Action|Adventure,English|French|Italian|German|Spanish - Latin America,English,NVIDIA GeForce RTX 2060|AMD RX 5600 XT,7129,747,16,40
1692250,2022,Gold,F1® 22,07,Racing|Sports,English|French|Italian|German|Spanish - Spain|Dutch|Japanese|Portuguese - Brazil|Simplified Chinese|Polish|Russian,English|French|Italian|German|Spanish - Spain|Dutch|Japanese|Portuguese - Brazil|Simplified Chinese,NVIDIA GTX 1660 Ti|AMD RX 590|GeForce RTX 3070|Radeon RX 6800|NVIDIA RTX 2070|AMD RX 6700 XT,6687,3659,3,NA
1593500,2022,Gold,God of War,01,Action|Adventure|RPG,English|French|Italian|German|Spanish - Spain|Dutch|Japanese|Korean|Polish|Portuguese - Portugal|Portuguese - Brazil|Russian|Spanish - Latin America|Turkish|Traditional Chinese|Czech|Hungarian|Greek,English|French|Italian|German|Spanish - Spain|Japanese|Polish|Portuguese - Portugal|Portuguese - Brazil|Russian|Spanish - Latin America,NVIDIA GTX 1060|AMD RX 570,28665,983,18,50
1313140,2022,Gold,Cult of the Lamb,08,Action|Adventure|Indie|Strategy,English|French|German|Spanish - Spain|Japanese|Korean|Portuguese - Brazil|Russian|Simplified Chinese|Traditional Chinese,NA,GeForce GTX 1050|Radeon R9,24408,2169,NA,25
1255630,2022,Silver,WWE 2K22,03,Simulation|Sports,English|French|Italian|German|Spanish - Spain|Arabic,English,GeForce GTX 1070|Radeon RX 580,3396,1250,16,NA
1703340,2022,Silver,The Stanley Parable: Ultra Deluxe,04,Adventure|Casual|Indie,English|French|Italian|German|Russian|Spanish - Spain|Japanese|Korean|Polish|Portuguese - Brazil|Simplified Chinese|Ukrainian,English,NA,11081,694,NA,25
1544020,2022,Silver,The Callisto Protocol™,12,Action|Adventure,English|French|Italian|German|Spanish - Spain|Japanese|Korean|Polish|Portuguese - Brazil|Simplified Chinese|Spanish - Latin America|Russian,English|French|Italian|German|Spanish - Spain|Japanese|Korean|Simplified Chinese,NVIDIA GeForce GTX 1070|AMD Radeon RX 5700,12996,8914,18,60
1498570,2022,Silver,THE KING OF FIGHTERS XV,12,Action,English|Japanese|French|Italian|German|Spanish - Spain|Spanish - Latin America|Thai|Portuguese - Brazil|Russian|Simplified Chinese|Traditional Chinese|Korean|Arabic,Japanese,Nvidia GeForce GTX 1060|AMD Radeon RX 480,137,19,NA,30
824550,2022,Silver,SD GUNDAM BATTLE ALLIANCE,08,Action|RPG,English|French|Italian|German|Spanish - Spain|Thai|Portuguese - Brazil|Simplified Chinese|Traditional Chinese|Japanese|Korean|Spanish - Latin America,Japanese,GeForce RTX 2080,2259,1392,12,60
1029690,2022,Silver,Sniper Elite 5,05,Action|Adventure,English|French|Italian|German|Spanish - Spain|Japanese|Korean|Polish|Portuguese - Brazil|Russian|Simplified Chinese|Traditional Chinese,English,NA,2830,1048,NA,50
1253920,2022,Silver,Rogue Legacy 2,04,Action|Adventure|Indie|RPG,English|French|Italian|German|Spanish - Spain|Korean|Portuguese - Brazil|Russian|Simplified Chinese|Traditional Chinese|Turkish|Japanese,NA,Nvidia GTX 680|AMD R9,3570,511,NA,25
1708520,2022,Silver,F1® Manager 2022,08,Simulation|Strategy,English|French|Italian|German|Spanish - Spain|Dutch|Japanese|Polish|Portuguese - Brazil|Russian|Simplified Chinese|Spanish - Latin America|Turkish,English|French|Italian|German|Spanish - Spain|Dutch|Japanese|Portuguese - Brazil|Simplified Chinese|Spanish - Latin America,GeForce GTX 1080|Radeon RX 580,3525,1273,3,NA
261550,2022,Silver,Mount & Blade II: Bannerlord,10,Action|Indie|RPG|Simulation|Strategy,English|Simplified Chinese|Turkish|Traditional Chinese|French|Italian|Japanese|Korean|Polish|Portuguese - Brazil|Russian|Spanish - Latin America|German,English,NVIDIA GeForce GTX 1060|AMD Radeon RX 580,9774,1357,16,50
1846380,2022,Silver,Need for Speed™ Unbound,12,Action|Racing,English|French|Italian|German|Spanish - Spain|Arabic|Japanese|Korean|Polish|Portuguese - Brazil|Simplified Chinese|Traditional Chinese,English|French|Italian|German|Spanish - Spain|Japanese|Polish|Simplified Chinese,Radeon RX5700|GeForce RTX 2070,5565,2793,12,70
1817190,2022,Silver,Marvel’s Spider-Man: Miles Morales,11,Action|Adventure,English|French|Italian|German|Spanish - Spain|Czech|Danish|Dutch|Finnish|Greek|Hungarian|Japanese|Korean|Norwegian|Polish|Portuguese - Brazil|Portuguese - Portugal|Russian|Simplified Chinese|Spanish - Latin America|Swedish|Traditional Chinese,English|French|Italian|German|Spanish - Spain|Arabic|Japanese|Polish|Portuguese - Brazil|Portuguese - Portugal|Russian|Spanish - Latin America,NVIDIA GTX 1060|AMD Radeon RX 580,6191,389,16,50
1824220,2022,Silver,Chivalry 2,06,Action|Massively Multiplayer,English|French|Italian|German|Spanish - Spain|Japanese|Korean|Polish|Portuguese - Brazil|Russian|Simplified Chinese|Traditional Chinese,English,Nvidia GTX 1070|AMD RX Vega 56,9472,2116,18,40
1361510,2022,Silver,Teenage Mutant Ninja Turtles: Shredder's Revenge,06,Action|Adventure|Casual|Indie,English|French|Italian|German|Spanish - Spain|Simplified Chinese|Traditional Chinese|Korean|Japanese|Portuguese - Brazil,English|Simplified Chinese|Traditional Chinese,NVIDIA GeForce GTS 450|AMD Radeon R7|Intel HD 630,5869,453,NA,25
1818750,2022,Silver,MultiVersus,07,Action|Free To Play,English|French|Italian|German|Spanish - Spain|Polish|Portuguese - Brazil|Russian|Simplified Chinese|Spanish - Latin America|Japanese|Korean|Traditional Chinese,English|French|Italian|German|Spanish - Spain|Portuguese - Brazil|Spanish - Latin America,Nvidia GeForce GTX 760|AMD Radeon R9|Intel Arc A310,66707,8818,12,NA
1919590,2022,Silver,NBA 2K23,09,Simulation|Sports,English|French|Italian|German|Spanish - Spain|Japanese|Korean|Simplified Chinese|Traditional Chinese,English,NVIDIA GeForce GTX 770|ATI Radeon R9,3980,3474,3,NA
962130,2022,Silver,Grounded,09,Action|Adventure,English|French|Italian|German|Spanish - Latin America|Korean|Polish|Portuguese - Brazil|Russian|Simplified Chinese|Japanese|Thai|Traditional Chinese|Turkish|Spanish - Spain|Arabic,English|Japanese,GeForce GTX 1060|Radeon RX 470,3934,724,12,40
1657630,2022,Silver,Slime Rancher 2,09,Action|Adventure|Casual|Indie|Simulation,English|French|German|Japanese|Korean|Russian|Simplified Chinese|Spanish - Latin America|Portuguese - Brazil,NA,NVIDIA GeForce RTX 2070|AMD RX 5700,2453,367,NA,30
368260,2022,Silver,Marvel's Midnight Suns,12,RPG|Strategy,English|French|Italian|German|Spanish - Spain|Japanese|Korean|Polish|Portuguese - Brazil|Simplified Chinese|Traditional Chinese,English|French|German|Spanish - Spain|Japanese|Korean|Simplified Chinese,AMD RX 5700|GeForce GTX 1070,4372,1357,12,60
1044720,2022,Silver,Farthest Frontier,10,Indie|Simulation|Strategy,English|French|Italian|German|Spanish - Spain|Czech|Korean|Polish|Portuguese - Brazil|Russian|Simplified Chinese|Swedish|Traditional Chinese|Japanese|Ukrainian,English,NVIDIA GeForce GTX 980|AMD RX 590,1262,230,NA,35
1475810,2022,Silver,Ghostwire: Tokyo,03,Action,English|French|Italian|German|Spanish - Spain|Arabic|Spanish - Latin America|Portuguese - Brazil|Polish|Russian|Simplified Chinese|Traditional Chinese|Japanese|Korean,English|French|Italian|German|Spanish - Spain|Spanish - Latin America|Portuguese - Brazil|Polish|Russian|Japanese,Arc A750*,3044,721,12,60
2208920,2022,Silver,Assassin's Creed Valhalla,12,Action|Adventure|RPG,English|French|Italian|German|Spanish - Spain|Arabic|Simplified Chinese|Traditional Chinese|Korean|Spanish - Latin America|Japanese|Polish|Portuguese - Brazil|Russian,English|French|Italian|German|Spanish - Spain|Japanese|Portuguese - Brazil|Russian,AMD R9|NVIDIA GeForce GTX 960,3472,1939,18,60
1608070,2022,Silver,CRISIS CORE –FINAL FANTASY VII– REUNION,12,Action|RPG,English|French|Italian|German|Spanish - Spain|Japanese|Korean|Simplified Chinese|Traditional Chinese,English|Japanese,AMD Radeon RX 5500 XT|Intel Arc A750|NVIDIA GeForce GTX 1060,2353,241,16,50
1237320,2022,Silver,Sonic Frontiers,11,Action|Adventure,English|French|Italian|German|Spanish - Spain|Portuguese - Brazil|Polish|Russian|Simplified Chinese|Traditional Chinese|Japanese|Korean,English|French|Italian|German|Spanish - Spain|Japanese,NVIDIA GeForce GTX 1070|AMD Radeon RX Vega 56,10877,603,7,60
1611910,2022,Silver,"Warhammer 40,000: Chaos Gate - Daemonhunters",05,RPG|Strategy,English|French|Italian|German|Spanish - Spain|Polish|Portuguese - Brazil|Russian|Simplified Chinese|Traditional Chinese|Japanese|Korean,English,NVIDIA GeForce GTX 1060|AMD Radeon RX 580,3382,1120,18,45
1621690,2022,Silver,Core Keeper,08,Action|Adventure|Indie|RPG|Simulation,English|Simplified Chinese|Thai|German|Japanese|Korean|Spanish - Spain|French|Italian|Portuguese - Brazil|Traditional Chinese|Russian|Ukrainian,NA,GeForce GTX 1050 Ti|Radeon R9,4723,506,NA,20
1496790,2022,Silver,Gotham Knights,10,Action|Adventure|RPG,English|French|Italian|German|Spanish - Spain|Arabic|Japanese|Korean|Polish|Simplified Chinese|Spanish - Latin America|Traditional Chinese|Portuguese - Brazil,English|French|Italian|German|Spanish - Spain|Spanish - Latin America|Portuguese - Brazil,NVIDIA GeForce RTX 2070|AMD Radeon RX 5700 XT,5404,2107,16,60
949230,2023,Platinum,Cities: Skylines II,10,Simulation,English|French|Italian|German|Japanese|Korean|Polish|Russian|Simplified Chinese|Portuguese - Brazil|Traditional Chinese|Spanish - Spain,NA,Nvidia GeForce RTX 3080|AMD Radeon RX 6800 XT,17025,11987,3,50
1888160,2023,Platinum,ARMORED CORE™ VI FIRES OF RUBICON™,08,Action,English|French|Italian|German|Spanish - Spain|Japanese|Korean|Polish|Portuguese - Brazil|Russian|Simplified Chinese|Spanish - Latin America|Traditional Chinese,English|Japanese,NVIDIA GeForce GTX 1060|AMD Radeon RX 590|Intel Arc A750,36094,4966,12,60
1774580,2023,Platinum,STAR WARS Jedi: Survivor™,04,Action|Adventure,English|French|Italian|German|Spanish - Spain|Japanese|Korean|Polish|Portuguese - Brazil|Simplified Chinese|Spanish - Latin America|Traditional Chinese,English|French|Italian|German|Spanish - Spain|Japanese|Polish|Portuguese - Brazil|Spanish - Latin America,NA,16483,11555,12,70
2195250,2023,Platinum,EA SPORTS FC™ 24,09,Simulation|Sports,English|French|Italian|German|Spanish - Spain|Japanese|Korean|Polish|Portuguese - Brazil|Simplified Chinese|Spanish - Latin America|Traditional Chinese|Arabic|Czech|Danish|Dutch|Norwegian|Portuguese - Portugal|Russian|Swedish|Turkish,English|French|Italian|German|Spanish - Spain|Japanese|Polish|Portuguese - Brazil|Simplified Chinese|Spanish - Latin America|Arabic|Dutch|Russian,NVIDIA GeForce GTX 1660|AMD RX 5600 XT,7381,6014,3,NA
1272080,2023,Platinum,PAYDAY 3,09,Action|Adventure|RPG,English|French|Italian|German|Spanish - Spain|Japanese|Korean|Polish|Portuguese - Brazil|Russian|Simplified Chinese|Spanish - Latin America|Traditional Chinese|Turkish,English,Nvidia GTX 1080|AMD RX VEGA 56,12448,20888,18,30
1326470,2023,Platinum,Sons Of The Forest,02,Action|Adventure|Indie|Simulation,English|French|Italian|German|Spanish - Spain|Czech|Finnish|Japanese|Korean|Polish|Portuguese - Brazil|Russian|Simplified Chinese|Swedish|Traditional Chinese|Turkish,English,NVIDIA GeForce 1080Ti|AMD Radeon RX 5700 XT,11054,1428,NA,30
1326470,2023,Platinum,Sons Of The Forest,02,Action|Adventure|Indie|Simulation,English|French|Italian|German|Spanish - Spain|Czech|Finnish|Japanese|Korean|Polish|Portuguese - Brazil|Russian|Simplified Chinese|Swedish|Traditional Chinese|Turkish,English,NVIDIA GeForce 1080Ti|AMD Radeon RX 5700 XT,11054,1428,NA,30
1326470,2023,Platinum,Sons Of The Forest,02,Action|Adventure|Indie|Simulation,English|French|Italian|German|Spanish - Spain|Czech|Finnish|Japanese|Korean|Polish|Portuguese - Brazil|Russian|Simplified Chinese|Swedish|Traditional Chinese|Turkish,English,NVIDIA GeForce 1080Ti|AMD Radeon RX 5700 XT,11054,1428,NA,30
1326470,2023,Platinum,Sons Of The Forest,02,Action|Adventure|Indie|Simulation,English|French|Italian|German|Spanish - Spain|Czech|Finnish|Japanese|Korean|Polish|Portuguese - Brazil|Russian|Simplified Chinese|Swedish|Traditional Chinese|Turkish,English,NVIDIA GeForce 1080Ti|AMD Radeon RX 5700 XT,11054,1428,NA,30
1326470,2023,Platinum,Sons Of The Forest,02,Action|Adventure|Indie|Simulation,English|French|Italian|German|Spanish - Spain|Czech|Finnish|Japanese|Korean|Polish|Portuguese - Brazil|Russian|Simplified Chinese|Swedish|Traditional Chinese|Turkish,English,NVIDIA GeForce 1080Ti|AMD Radeon RX 5700 XT,11054,1428,NA,30
1326470,2023,Platinum,Sons Of The Forest,02,Action|Adventure|Indie|Simulation,English|French|Italian|German|Spanish - Spain|Czech|Finnish|Japanese|Korean|Polish|Portuguese - Brazil|Russian|Simplified Chinese|Swedish|Traditional Chinese|Turkish,English,NVIDIA GeForce 1080Ti|AMD Radeon RX 5700 XT,11054,1428,NA,30
1326470,2023,Platinum,Sons Of The Forest,02,Action|Adventure|Indie|Simulation,English|French|Italian|German|Spanish - Spain|Czech|Finnish|Japanese|Korean|Polish|Portuguese - Brazil|Russian|Simplified Chinese|Swedish|Traditional Chinese|Turkish,English,NVIDIA GeForce 1080Ti|AMD Radeon RX 5700 XT,11054,1428,NA,30
1326470,2023,Platinum,Sons Of The Forest,02,Action|Adventure|Indie|Simulation,English|French|Italian|German|Spanish - Spain|Czech|Finnish|Japanese|Korean|Polish|Portuguese - Brazil|Russian|Simplified Chinese|Swedish|Traditional Chinese|Turkish,English,NVIDIA GeForce 1080Ti|AMD Radeon RX 5700 XT,11054,1428,NA,30
1364780,2023,Platinum,Street Fighter™ 6,06,Action|Adventure,English|Japanese|French|Italian|German|Spanish - Spain|Arabic|Portuguese - Brazil|Polish|Russian|Simplified Chinese|Traditional Chinese|Korean|Spanish - Latin America,English|Japanese,Radeon RX 5700XT,11369,1458,12,40
1282100,2023,Platinum,REMNANT II®,07,Action|Adventure|RPG,English|French|Italian|German|Spanish - Spain|Japanese|Korean|Portuguese - Brazil|Russian|Simplified Chinese,English|French|Italian|German|Spanish - Spain|Russian|Simplified Chinese,GeForce RTX 2060|AMD Radeon RX 5700,17547,3884,18,50
990080,2023,Platinum,Hogwarts Legacy,02,Action|Adventure|RPG,English|French|Italian|German|Spanish - Spain|Arabic|Japanese|Korean|Polish|Portuguese - Brazil|Russian|Simplified Chinese|Spanish - Latin America|Traditional Chinese,English|French|Italian|German|Spanish - Spain|Japanese|Portuguese - Brazil|Spanish - Latin America,NVIDIA GeForce 1080 Ti|AMD Radeon RX 5700 XT|INTEL Arc A770,129385,10485,12,60
1086940,2023,Platinum,Baldur's Gate 3,08,Adventure|RPG|Strategy,English|French|German|Spanish - Spain|Polish|Russian|Simplified Chinese|Turkish|Portuguese - Brazil|Italian|Spanish - Latin America|Traditional Chinese|Ukrainian|Korean|Japanese,English,Nvidia 2060 Super|Intel Arc A580,241572,9765,18,60
2050650,2023,Platinum,Resident Evil 4,03,Action|Adventure,English|French|Italian|German|Spanish - Spain|Arabic|Japanese|Korean|Portuguese - Brazil|Russian|Simplified Chinese|Traditional Chinese|Spanish - Latin America,English|French|Italian|German|Spanish - Spain|Japanese|Portuguese - Brazil|Russian|Simplified Chinese,AMD Radeon RX 5700|NVIDIA GeForce GTX 1070,46812,1444,18,40
1716740,2023,Platinum,Starfield,09,RPG,English|French|Italian|German|Spanish - Spain|Japanese|Polish|Portuguese - Brazil|Simplified Chinese,English|French|German|Spanish - Spain|Japanese,AMD Radeon RX 6800 XT|NVIDIA GeForce RTX 2080,53302,20482,18,70
1971870,2023,Gold,Mortal Kombat 1,09,Action,English|French|Italian|German|Spanish - Spain|Arabic|Polish|Portuguese - Brazil|Russian|Simplified Chinese|Spanish - Latin America|Traditional Chinese|Korean,English|French|Italian|German|Spanish - Spain|Portuguese - Brazil|Spanish - Latin America,Nvidia GeForce GTX 2080 Ti|AMD Radeon RX 5700 XT|Intel Arc A770,7346,2517,18,50
1669000,2023,Gold,Age of Wonders 4,05,RPG|Strategy,English|French|German|Spanish - Spain|Japanese|Korean|Polish|Russian|Simplified Chinese,English,Nvidia GeForce GTX 1070 Ti|AMD Radeon RX 5700 XT,5829,1478,16,50
2399830,2023,Gold,ARK: Survival Ascended,10,Action|Adventure|Indie|Massively Multiplayer|RPG|Early Access,English|French|Italian|German|Spanish - Spain|Danish|Dutch|Japanese|Korean|Portuguese - Brazil|Portuguese - Portugal|Russian|Simplified Chinese|Spanish - Latin America|Traditional Chinese|Turkish,English,AMD Radeon RX 6800|NVIDIA GeForce RTX 3080,18494,14276,16,45
1260320,2023,Gold,Party Animals,09,Action|Casual|Indie,English|Simplified Chinese|Traditional Chinese|French|German|Spanish - Spain|Japanese|Korean|Portuguese - Brazil|Thai,English|Simplified Chinese|Traditional Chinese,NVIDIA GTX 1060|AMD RX 580|Intel Arc A380,14002,6521,7,20
668580,2023,Gold,Atomic Heart,02,Action|Adventure|RPG,English|French|German|Spanish - Spain|Japanese|Russian|Simplified Chinese|Korean|Polish|Portuguese - Brazil|Italian|Traditional Chinese|Ukrainian,English|French|German|Spanish - Spain|Japanese|Russian|Simplified Chinese|Polish|Portuguese - Brazil|Italian,AMD RX 6700 XT|NVIDIA GeForce RTX 2070,12980,2183,18,60
2252570,2023,Gold,Football Manager 2024,11,Simulation|Sports|Strategy,English|French|Italian|German|Spanish - Spain|Danish|Dutch|Greek|Japanese|Korean|Norwegian|Polish|Portuguese - Portugal|Russian|Simplified Chinese|Swedish|Turkish,NA,NA,6261,858,3,NA
671860,2023,Gold,BattleBit Remastered,06,Action|Massively Multiplayer|Early Access,English|French|Italian|German|Spanish - Spain|Arabic|Czech|Dutch|Finnish|Hungarian|Japanese|Korean|Norwegian|Polish|Portuguese - Brazil|Russian|Simplified Chinese|Traditional Chinese|Turkish|Ukrainian|Vietnamese|Belarusian|Estonian|Macedonian|Serbian|Slovak|Swedish,NA,Geforce GTX 600,59613,6752,NA,15
1868140,2023,Gold,DAVE THE DIVER,06,Adventure|Casual|RPG|Simulation,English|Korean|Japanese|Simplified Chinese|German|Spanish - Spain|Traditional Chinese|French|Portuguese - Brazil|Italian|Russian,NA,NVIDIA Geforce GTX 750Ti|AMD Radeon R9,31977,1154,NA,20
1448440,2023,Gold,Wo Long: Fallen Dynasty,03,Action|Adventure|RPG,English|French|Italian|German|Spanish - Spain|Portuguese - Brazil|Russian|Simplified Chinese|Traditional Chinese|Japanese|Korean,English|Simplified Chinese|Japanese,GeForce RTX 2060|6GB、Radeon,7316,9212,16,40
1304930,2023,Gold,The Outlast Trials,03,Action|Adventure|Indie,English|French|Italian|German|Spanish - Spain|Japanese|Korean|Polish|Portuguese - Brazil|Russian|Simplified Chinese|Spanish - Latin America|Turkish|Traditional Chinese,English|French,NVIDIA GeForce GTX 1660|AMD Radeon RX Vega 56|Intel Arc A580,2701,273,NA,40
2073850,2023,Gold,THE FINALS,12,Action|Free To Play,English|French|German|Spanish - Spain|Japanese|Korean|Portuguese - Brazil|Simplified Chinese|Traditional Chinese|Polish|Turkish,English,NVIDIA GeForce RTX 2070|AMD Radeon RX 5700 XT,82940,29920,NA,0
1693980,2023,Gold,Dead Space,01,Action|Adventure,English|French|Italian|German|Spanish - Spain|Japanese|Korean|Polish|Simplified Chinese|Spanish - Latin America|Traditional Chinese|Portuguese - Brazil,English|French|Italian|German|Spanish - Spain|Polish|Simplified Chinese,Radeon RX 6700 XT|Geforce RTX 2070,18534,1764,18,60
1562430,2023,Silver,DREDGE,03,Adventure|RPG,English|French|Italian|German|Spanish - Spain|Japanese|Korean|Russian|Simplified Chinese|Traditional Chinese|Portuguese - Brazil|Polish,NA,Nvidia GTS 450|Radeon HD 5770,8664,356,NA,25
2338770,2023,Silver,NBA 2K24,09,Simulation|Sports,English|French|Italian|German|Spanish - Spain|Japanese|Korean|Simplified Chinese|Traditional Chinese,English,NVIDIA GeForce GTX 770|ATI Radeon R9,1458,9700,3,NA
1676840,2023,Silver,For The King II,11,Adventure|Indie|RPG|Strategy,English|French|Italian|German|Spanish - Spain|Japanese|Korean|Polish|Portuguese - Brazil|Russian|Simplified Chinese|Traditional Chinese|Ukrainian,NA,GeForce RTX 2060 Super|Radeon RX 5700 XT,5277,2536,NA,0
2440510,2023,Silver,Forza Motorsport,10,Racing,English|French|Italian|German|Spanish - Spain|Czech|Hungarian|Japanese|Korean|Polish|Portuguese - Brazil|Simplified Chinese|Spanish - Latin America|Traditional Chinese|Turkish|Dutch|Finnish|Norwegian|Portuguese - Portugal|Russian|Swedish,English|French|German|Portuguese - Brazil|Simplified Chinese|Spanish - Latin America,NVidia RTX 2080 TI|AMD RX 6800 XT|Intel A770,1786,2645,3,70
2322560,2023,Silver,Love Is All Around,10,Adventure|Indie|RPG|Simulation|Strategy,English|Simplified Chinese|Traditional Chinese|Japanese|Vietnamese|Korean,Simplified Chinese|Traditional Chinese|Japanese,NA,27292,1426,NA,10
1501750,2023,Silver,Lords of the Fallen,10,Action|Adventure|RPG,English|French|Italian|German|Spanish - Spain|Polish|Japanese|Korean|Portuguese - Brazil|Ukrainian|Traditional Chinese|Simplified Chinese,English,NVIDIA RTX 2080|AMD Radeon RX 6700,10374,7260,18,30
2186680,2023,Silver,"Warhammer 40,000: Rogue Trader",12,Action|Adventure|Indie|RPG|Strategy,English|French|German|Spanish - Spain|Russian|Simplified Chinese|Japanese|Turkish,English,AMD Radeon RX 570|NVIDIA GeForce GTX 1050 Ti,5941,2122,NA,50
2108330,2023,Silver,F1® 23,06,Racing|Sports,English|French|Italian|German|Spanish - Spain|Japanese|Polish|Portuguese - Brazil|Simplified Chinese|Spanish - Latin America|Dutch|Arabic,English|French|Italian|German|Spanish - Spain|Japanese|Portuguese - Brazil|Simplified Chinese|Spanish - Latin America|Dutch,NVIDIA GTX 1660 Ti|AMD RX 590|GeForce RTX 3070|Radeon RX 6800|NVIDIA RTX 2070|AMD RX 6700 XT|NVIDIA 528.49|AMD 23.2.1,3534,667,3,NA
1888930,2023,Silver,The Last of Us™ Part I,03,Action|Adventure,English|Italian|Spanish - Spain|Czech|Dutch|Greek|French|German|Danish|Finnish|Hungarian|Japanese|Korean|Norwegian|Polish|Portuguese - Brazil|Portuguese - Portugal|Russian|Simplified Chinese|Spanish - Latin America|Swedish|Thai|Traditional Chinese|Turkish|Croatian,English|Italian|Spanish - Spain|Greek|French|German|Japanese|Polish|Portuguese - Brazil|Portuguese - Portugal|Russian|Spanish - Latin America|Turkish,AMD Radeon RX 5700 XT|AMD Radeon RX 6600 XT|NVIDIA GeForce RTX 2070 SUPER|NVIDIA GeForce RTX 3060,9176,9445,18,60
1971650,2023,Silver,OCTOPATH TRAVELER II,02,RPG,English|French|Italian|German|Spanish - Spain|Japanese|Korean|Simplified Chinese|Traditional Chinese,English|Japanese,AMD Radeon RX 470|Intel Arc A750|NVIDIA GeForce GTX 1060,3114,119,12,60
1171690,2023,Silver,Wayfinder,10,Action|Adventure|RPG,English|French|Italian|German|Japanese|Spanish - Latin America|Korean|Polish|Portuguese - Brazil|Traditional Chinese|Spanish - Spain|Simplified Chinese,English|French|German|Japanese|Spanish - Latin America|Korean|Portuguese - Brazil|Traditional Chinese|Spanish - Spain,AMD RX 6600XT|Nvidia RTX 3070,2539,338,12,25
1527950,2023,Silver,Wartales,04,Adventure|Indie|RPG|Strategy,English|French|German|Spanish - Spain|Polish|Portuguese - Brazil|Russian|Simplified Chinese|Korean,English,NVidia GTX 1080|AMD RX 5600,5743,610,NA,35
1938010,2023,Silver,WILD HEARTS™,02,Action|Adventure,English|French|Italian|German|Spanish - Spain|Japanese|Korean|Polish|Simplified Chinese|Spanish - Latin America|Traditional Chinese|Portuguese - Brazil,English|French|Italian|German|Spanish - Spain|Japanese,GeForce RTX 2070|Radeon RX 5700 XT,3525,4132,12,70
1817230,2023,Silver,Hi-Fi RUSH,01,Action,English|French|Italian|German|Spanish - Spain|Arabic|Spanish - Latin America|Portuguese - Brazil|Polish|Russian|Simplified Chinese|Traditional Chinese|Japanese|Korean,English|French|Italian|German|Spanish - Spain|Spanish - Latin America|Portuguese - Brazil|Polish|Japanese,Arc A750*,10697,207,12,30
1677280,2023,Silver,Company of Heroes 3,02,Action|Strategy,English|French|Italian|German|Spanish - Spain|Czech|Korean|Polish|Simplified Chinese|Traditional Chinese|Japanese|Portuguese - Brazil|Turkish|Russian|Ukrainian,English,NVIDIA GeForce GTX 1660|AMD Radeon RX 5600,5287,3542,18,60
1627720,2023,Silver,Lies of P,09,Action|Adventure|RPG,English|French|German|Spanish - Spain|Russian|Japanese|Simplified Chinese|Traditional Chinese|Portuguese - Brazil|Polish|Korean|Italian,English,AMD Radeon RX 6500 XT|NVIDIA GeForce GTX 1660,10465,1365,16,60
1144200,2023,Silver,Ready or Not,12,Action|Adventure|Indie,English|French|German|Korean|Simplified Chinese|Italian|Spanish - Spain|Japanese|Polish|Portuguese - Portugal|Turkish|Russian,English,Nvidia GTX 1060,18283,5222,NA,50
954850,2023,Silver,Kerbal Space Program 2,02,Indie|Simulation|Early Access,English|French|Italian|German|Spanish - Spain|Japanese|Korean|Polish|Russian|Simplified Chinese|Portuguese - Brazil|Traditional Chinese,English,nVidia GeForce RTX 3080|AMD Radeon RX 6800 XT,6269,5919,NA,50
1268750,2023,Silver,Starship Troopers: Extermination,10,Action|Indie,English|French|Italian|German|Spanish - Spain|Japanese|Portuguese - Brazil|Russian|Simplified Chinese|Spanish - Latin America,English,NA,632,697,NA,30
1548850,2023,Silver,Six Days in Fallujah,06,Action|Early Access,English|French|German|Korean|Simplified Chinese|Spanish - Latin America|Italian|Spanish - Spain|Portuguese - Brazil|Portuguese - Portugal|Turkish,NA,Nvidia RTX 3070|AMD RX 6800,4735,735,NA,40
2344520,2023,Silver,Diablo® IV,10,Action|RPG,English|French|Italian|German|Spanish - Spain|Japanese|Korean|Polish|Portuguese - Brazil|Russian|Spanish - Latin America|Traditional Chinese|Simplified Chinese|Turkish,English|French|Italian|German|Spanish - Spain|Japanese|Korean|Polish|Portuguese - Brazil|Russian|Spanish - Latin America|Traditional Chinese|Simplified Chinese,NVIDIA GeForce GTX 970|Intel Arc A750|AMD Radeon RX 470,5447,2580,18,50
1997040,2023,Silver,MARVEL SNAP,08,Casual|Strategy|Free To Play,English|French|Italian|German|Spanish - Spain|Japanese|Korean|Portuguese - Brazil|Simplified Chinese|Spanish - Latin America|Thai|Traditional Chinese|Indonesian|Russian|Vietnamese,English|French|Japanese|Korean|Spanish - Latin America|Traditional Chinese,Nvidia GeForce GTX 660|AMD Radeon HD 7970,2123,670,7,0
2369390,2023,Silver,Far Cry® 6,05,Action|Adventure,English|French|Italian|German|Spanish - Spain|Arabic|Japanese|Korean|Portuguese - Brazil|Russian|Simplified Chinese|Spanish - Latin America|Thai|Traditional Chinese,English|French|German|Japanese|Portuguese - Brazil|Russian|Spanish - Latin America,AMD RX Vega 64|NVIDIA GeForce GTX 1080,4581,2178,18,60
1433140,2023,Silver,The Texas Chain Saw Massacre,08,Action|Indie,English|French|Italian|German|Spanish - Spain|Japanese|Portuguese - Brazil|Russian|Simplified Chinese,English,Nvidia Geforce RTX 3070|AMD Radeon RX 6700 XT,8945,2410,NA,20
1940340,2023,Silver,Darkest Dungeon® II,05,Indie|RPG|Strategy,English|French|Italian|German|Czech|Polish|Portuguese - Brazil|Russian|Spanish - Latin America|Japanese|Korean|Simplified Chinese|Ukrainian|Spanish - Spain|Traditional Chinese,English,NA,6467,2152,12,40
1337520,2023,Silver,Risk of Rain Returns,11,Action,English|French|Italian|German|Spanish - Spain|Japanese|Korean|Portuguese - Brazil|Russian|Turkish|Simplified Chinese,NA,NA,19827,2303,NA,15
2933620,2024,Platinum,Call of Duty®: Black Ops 6,11,Action,English|French|Italian|German|Spanish - Spain|Korean|Polish|Russian|Traditional Chinese|Japanese|Spanish - Latin America|Arabic|Simplified Chinese|Portuguese - Brazil,English|French|Italian|German|Spanish - Spain|Japanese|Spanish - Latin America|Portuguese - Brazil,AMD Radeon RX 6600XT|NVIDIA GeForce GTX 1080Ti,4671,3555,18,70
2183900,2024,Platinum,"Warhammer 40,000: Space Marine 2",09,Action|Adventure|RPG,English|French|Italian|German|Spanish - Spain|Russian|Czech|Japanese|Korean|Polish|Portuguese - Brazil|Simplified Chinese|Spanish - Latin America|Traditional Chinese|Turkish|Ukrainian|Thai,English|French|German|Spanish - Spain|Russian|Japanese|Simplified Chinese,AMD Radeon RX 6800 XT|Nvidia GeForce RTX 3070,62550,16068,NA,60
1643320,2024,Platinum,S.T.A.L.K.E.R. 2: Heart of Chornobyl,11,Action|Adventure|RPG,English|French|Italian|German|Spanish - Spain|Japanese|Korean|Polish|Portuguese - Brazil|Russian|Simplified Chinese|Traditional Chinese|Ukrainian|Arabic|Czech|Spanish - Latin America|Turkish|Serbian,English|Ukrainian,Nvidia GeForce RTX 3070 Ti|Nvidia GeForce RTX 4070|AMD Radeon RX 6800 XT,61955,12713,18,60
2054970,2024,Platinum,Dragon's Dogma 2,03,Action|RPG,English|French|Italian|German|Spanish - Spain|Arabic|Spanish - Latin America|Portuguese - Brazil|Russian|Simplified Chinese|Traditional Chinese|Japanese|Korean|Polish,English|Japanese,NVIDIA GeForce RTX 2080|AMD Radeon RX 6700,34862,25555,18,70
1623730,2024,Platinum,Palworld,01,Action|Adventure|Indie|RPG|Early Access,English|Simplified Chinese|Traditional Chinese|Japanese|French|Italian|German|Spanish - Spain|Portuguese - Brazil|Russian|Korean|Indonesian|Spanish - Latin America|Thai|Turkish|Vietnamese|Polish,NA,GeForce RTX 2070,215082,14271,NA,30
1790600,2024,Platinum,DRAGON BALL: Sparking! ZERO,10,Action,English|French|Italian|German|Spanish - Spain|Arabic|Indonesian|Spanish - Latin America|Portuguese - Brazil|Polish|Russian|Simplified Chinese|Traditional Chinese|Japanese|Korean|Thai,English|Japanese,Nvidia GeForce RTX 2060|AMD Radeon RX Vega 64,32226,2943,12,70
2694490,2024,Platinum,Path of Exile 2,12,Action|Adventure|Massively Multiplayer|RPG|Early Access,English|French|German|Spanish - Spain|Japanese|Korean|Portuguese - Brazil|Russian|Thai,English,NVIDIA GeForce RTX 2060|Intel Arc A770|ATI Radeon RX 5600XT,68703,17001,NA,30
2358720,2024,Platinum,Black Myth: Wukong,08,Action|Adventure|RPG,English|French|German|Spanish - Spain|Japanese|Korean|Polish|Portuguese - Brazil|Russian|Simplified Chinese|Traditional Chinese|Italian|Turkish|Thai|Czech,English|Simplified Chinese,NVIDIA GeForce RTX 2060|AMD Radeon RX 5700 XT|INTEL Arc A750,634089,28665,16,60
553850,2024,Platinum,HELLDIVERS™ 2,02,Action,English|French|Italian|German|Spanish - Spain|Japanese|Korean|Portuguese - Brazil|Spanish - Latin America|Polish|Portuguese - Portugal|Russian|Simplified Chinese|Traditional Chinese,English|French|Italian|German|Spanish - Spain|Japanese|Portuguese - Brazil|Spanish - Latin America,NVIDIA GeForce RTX 2060|AMD Radeon RX 6600XT,174213,51027,18,40
2669320,2024,Platinum,EA SPORTS FC™ 25,09,Simulation|Sports,English|French|Italian|German|Spanish - Spain|Arabic|Czech|Danish|Dutch|Japanese|Korean|Norwegian|Polish|Portuguese - Brazil|Portuguese - Portugal|Russian|Simplified Chinese|Spanish - Latin America|Swedish|Traditional Chinese|Turkish,English|French|Italian|German|Spanish - Spain|Arabic|Dutch|Japanese|Korean|Polish|Portuguese - Brazil|Russian|Simplified Chinese|Spanish - Latin America,AMD RX 5600 XT|Nvidia GTX 1660,7654,8926,3,70
2878980,2024,Platinum,NBA 2K25,10,Simulation|Sports,English|French|Italian|German|Spanish - Spain|Japanese|Korean|Simplified Chinese|Traditional Chinese,English,NVIDIA GeForce RTX 2070|AMD Radeon RX 5700|Intel Arc A770,2558,1681,3,70
1363080,2024,Platinum,Manor Lords,04,Simulation|Strategy|Early Access,English|German|Polish|Simplified Chinese|French|Japanese|Spanish - Spain|Korean|Portuguese - Brazil|Russian|Traditional Chinese|Italian|Turkish|Czech|Danish|Dutch|Hungarian|Swedish|Ukrainian,English,NVIDIA GeForce GTX 1060|AMD Radeon RX 580|Intel Arc A580,34694,4709,NA,40
1145350,2024,Gold,Hades II,09,Action|Indie|RPG,English|French|Italian|German|Spanish - Spain|Greek|Japanese|Korean|Polish|Portuguese - Brazil|Russian|Simplified Chinese|Traditional Chinese|Turkish|Ukrainian,English,GeForce RTX 2060|Radeon RX 5600 XT|Intel Arc A580,16887,1016,NA,30
881020,2024,Gold,Granblue Fantasy: Relink,01,Action|Adventure|RPG,English|Japanese|Italian|German|Spanish - Spain|Portuguese - Brazil|Simplified Chinese|Traditional Chinese|Korean|French,English|Japanese,NVIDIA GeForce RTX 2080|AMD Radeon RX 6700 XT,22250,3044,12,60
1203620,2024,Gold,Enshrouded,01,Action|Adventure|Indie|RPG|Early Access,English|French|Italian|German|Spanish - Spain|Japanese|Korean|Polish|Portuguese - Brazil|Russian|Simplified Chinese|Traditional Chinese|Turkish|Ukrainian|Thai,NA,NVIDIA RTX 2070 Super|AMD Radeon RX 6700 XT|Intel ARC A770,30604,5158,NA,30
899770,2024,Gold,Last Epoch,02,Action|Adventure|Indie|RPG,English|French|German|Korean|Polish|Portuguese - Brazil|Russian|Simplified Chinese|Spanish - Spain|Japanese,English,nVidia RTX 3060|AMD RX 6600 XT,40647,18639,NA,35
2300320,2024,Gold,Farming Simulator 25,11,Simulation,English|French|Italian|German|Spanish - Spain|Czech|Danish|Dutch|Finnish|Hungarian|Japanese|Korean|Norwegian|Polish|Portuguese - Brazil|Portuguese - Portugal|Romanian|Russian|Simplified Chinese|Spanish - Latin America|Swedish|Traditional Chinese|Turkish|Ukrainian|Vietnamese|Indonesian,English,Nvidia GeForce RTX 2070|AMD Radeon RX 5700 XT|Intel Arc A750,12076,2920,3,30
2479810,2024,Gold,Gray Zone Warfare,04,Action|Massively Multiplayer|Simulation|Early Access,English|French|Italian|German|Spanish - Spain|Czech|Japanese|Korean|Polish|Portuguese - Brazil|Simplified Chinese|Turkish,English,NVIDIA GeForce RTX 2080 Ti|AMD Radeon RX 6800 XT,27655,14615,NA,40
2074920,2024,Gold,The First Descendant,06,Action|Adventure|RPG|Free To Play,English|Japanese|Simplified Chinese|Traditional Chinese|Korean|French|Italian|German|Spanish - Spain|Polish|Portuguese - Brazil|Russian,English|Korean,GeForce RTX 2060|AMD Radeon RX 5600XT|Intel Arc A750,40155,34499,12,0
2767030,2024,Gold,Marvel Rivals,12,Action|Free To Play,English|French|Italian|German|Spanish - Spain|Russian|Turkish|Thai|Simplified Chinese|Traditional Chinese|Spanish - Latin America|Korean|Japanese|Polish|Portuguese - Brazil|Arabic,English|Simplified Chinese|Japanese,NVIDIA GeForce RTX 2060 (Super)|AMD RX 5700 XT|Intel Arc A750,116150,29023,NA,0
1778820,2024,Gold,TEKKEN 8,01,Action,English|French|Italian|German|Spanish - Spain|Arabic|Japanese|Korean|Portuguese - Brazil|Simplified Chinese|Traditional Chinese|Polish|Russian|Thai|Spanish - Latin America,English,Nvidia GeForce RTX 2070|AMD Radeon RX 5700 XT,10853,1406,16,60
1845910,2024,Gold,Dragon Age™: The Veilguard,10,Action|Adventure|RPG|Strategy,English|French|Italian|German|Spanish - Spain|Japanese|Korean|Polish|Portuguese - Brazil|Simplified Chinese|Traditional Chinese|Russian,English|French|German,NVIDIA RTX 2070|AMD Radeon RX 5700XT,20582,7767,18,60
2215430,2024,Gold,Ghost of Tsushima DIRECTOR'S CUT,05,Action|Adventure,English|French|Italian|German|Spanish - Spain|Arabic|Czech|Danish|Dutch|Finnish|Greek|Hungarian|Japanese|Korean|Norwegian|Polish|Portuguese - Brazil|Portuguese - Portugal|Russian|Simplified Chinese|Spanish - Latin America|Swedish|Thai|Traditional Chinese|Turkish|Croatian,English|French|Italian|German|Spanish - Spain|Japanese|Polish|Portuguese - Brazil|Portuguese - Portugal|Russian|Spanish - Latin America,NVIDIA GeForce RTX 2060|AMD Radeon RX 5600 XT,18660,2175,18,60
2429640,2024,Gold,THRONE AND LIBERTY,10,Action|Adventure|Massively Multiplayer|RPG|Free To Play,English|French|German|Japanese|Portuguese - Brazil|Spanish - Latin America|Korean|Traditional Chinese,English|Japanese|Korean,NVIDIA Geforce GTX1660,32574,16168,16,0
2688950,2024,Silver,Planet Coaster 2,11,Simulation|Strategy,English|French|Italian|German|Spanish - Spain|Czech|Dutch|Japanese|Korean|Polish|Portuguese - Brazil|Simplified Chinese|Traditional Chinese,English|French|German|Spanish - Spain|Japanese|Korean|Simplified Chinese,NVIDIA GeForce RTX 2070 Super|AMD Radeon RX 6700 XT|Intel Arc A770,3503,2039,3,50
2161700,2024,Silver,Persona 3 Reload,02,Adventure|RPG|Strategy,English|French|Italian|German|Spanish - Spain|Japanese|Korean|Polish|Portuguese - Brazil|Russian|Simplified Chinese|Traditional Chinese|Turkish,English|Japanese,NVIDIA GeForce GTX 1650|AMD Radeon R9,10948,335,16,60
2139460,2024,Silver,Once Human,07,Action|Adventure|RPG|Simulation|Strategy|Free To Play,English|Simplified Chinese|French|German|Japanese|Korean|Traditional Chinese|Portuguese - Brazil|Spanish - Latin America|Russian,English|Simplified Chinese,Nvidia GTX 1060|AMD Radeon RX 580|Intel ARC A380,49146,20373,NA,0
1928980,2024,Silver,Nightingale,02,Action|Adventure|RPG|Early Access,English|French|Italian|German|Spanish - Spain|Japanese|Korean|Portuguese - Brazil|Simplified Chinese|Spanish - Latin America|Traditional Chinese,English,GeForce RTX 2060 Super|Radeon RX 5700XT,6429,4038,NA,30
1326470,2024,Silver,Sons Of The Forest,02,Action|Adventure|Indie|Simulation,English|French|Italian|German|Spanish - Spain|Czech|Finnish|Japanese|Korean|Polish|Portuguese - Brazil|Russian|Simplified Chinese|Swedish|Traditional Chinese|Turkish,English,NVIDIA GeForce 1080Ti|AMD Radeon RX 5700 XT,11054,1428,NA,30
1326470,2024,Silver,Sons Of The Forest,02,Action|Adventure|Indie|Simulation,English|French|Italian|German|Spanish - Spain|Czech|Finnish|Japanese|Korean|Polish|Portuguese - Brazil|Russian|Simplified Chinese|Swedish|Traditional Chinese|Turkish,English,NVIDIA GeForce 1080Ti|AMD Radeon RX 5700 XT,11054,1428,NA,30
1326470,2024,Silver,Sons Of The Forest,02,Action|Adventure|Indie|Simulation,English|French|Italian|German|Spanish - Spain|Czech|Finnish|Japanese|Korean|Polish|Portuguese - Brazil|Russian|Simplified Chinese|Swedish|Traditional Chinese|Turkish,English,NVIDIA GeForce 1080Ti|AMD Radeon RX 5700 XT,11054,1428,NA,30
1326470,2024,Silver,Sons Of The Forest,02,Action|Adventure|Indie|Simulation,English|French|Italian|German|Spanish - Spain|Czech|Finnish|Japanese|Korean|Polish|Portuguese - Brazil|Russian|Simplified Chinese|Swedish|Traditional Chinese|Turkish,English,NVIDIA GeForce 1080Ti|AMD Radeon RX 5700 XT,11054,1428,NA,30
1326470,2024,Silver,Sons Of The Forest,02,Action|Adventure|Indie|Simulation,English|French|Italian|German|Spanish - Spain|Czech|Finnish|Japanese|Korean|Polish|Portuguese - Brazil|Russian|Simplified Chinese|Swedish|Traditional Chinese|Turkish,English,NVIDIA GeForce 1080Ti|AMD Radeon RX 5700 XT,11054,1428,NA,30
1326470,2024,Silver,Sons Of The Forest,02,Action|Adventure|Indie|Simulation,English|French|Italian|German|Spanish - Spain|Czech|Finnish|Japanese|Korean|Polish|Portuguese - Brazil|Russian|Simplified Chinese|Swedish|Traditional Chinese|Turkish,English,NVIDIA GeForce 1080Ti|AMD Radeon RX 5700 XT,11054,1428,NA,30
1326470,2024,Silver,Sons Of The Forest,02,Action|Adventure|Indie|Simulation,English|French|Italian|German|Spanish - Spain|Czech|Finnish|Japanese|Korean|Polish|Portuguese - Brazil|Russian|Simplified Chinese|Swedish|Traditional Chinese|Turkish,English,NVIDIA GeForce 1080Ti|AMD Radeon RX 5700 XT,11054,1428,NA,30
1326470,2024,Silver,Sons Of The Forest,02,Action|Adventure|Indie|Simulation,English|French|Italian|German|Spanish - Spain|Czech|Finnish|Japanese|Korean|Polish|Portuguese - Brazil|Russian|Simplified Chinese|Swedish|Traditional Chinese|Turkish,English,NVIDIA GeForce 1080Ti|AMD Radeon RX 5700 XT,11054,1428,NA,30
2321470,2024,Silver,Deep Rock Galactic: Survivor,09,Action,English|French|German|Spanish - Spain|Simplified Chinese|Italian|Korean|Portuguese - Brazil|Traditional Chinese|Ukrainian|Hungarian|Russian|Japanese|Polish|Turkish|Indonesian|Spanish - Latin America,English,NA,2697,738,NA,13
2420110,2024,Silver,Horizon Forbidden West™ Complete Edition,03,Action|RPG,English|French|Italian|German|Spanish - Spain|Arabic|Czech|Danish|Dutch|Finnish|Greek|Hungarian|Japanese|Korean|Norwegian|Polish|Portuguese - Brazil|Portuguese - Portugal|Russian|Simplified Chinese|Spanish - Latin America|Swedish|Thai|Traditional Chinese|Turkish,English|French|Italian|German|Spanish - Spain|Arabic|Japanese|Polish|Portuguese - Brazil|Portuguese - Portugal|Russian|Spanish - Latin America,NVIDIA GeForce RTX 3060|AMD Radeon RX 5700,6355,655,16,60
1934680,2024,Silver,Age of Mythology: Retold,09,Strategy,English|French|Italian|German|Spanish - Spain|Danish|Dutch|Finnish|Greek|Japanese|Korean|Norwegian|Polish|Portuguese - Brazil|Portuguese - Portugal|Russian|Simplified Chinese|Spanish - Latin America|Swedish|Thai|Traditional Chinese|Turkish|Vietnamese|Czech|Hungarian,English|French|Italian|German|Spanish - Spain|Japanese|Korean|Portuguese - Brazil|Simplified Chinese|Spanish - Latin America|Traditional Chinese,Nvidia GeForce GTX 970|AMD Radeon RX 570,8372,1102,NA,30
1575940,2024,Silver,Sins of a Solar Empire II,08,Simulation|Strategy,English|French|Italian|German|Japanese|Korean|Polish|Portuguese - Brazil|Russian|Simplified Chinese|Spanish - Latin America|Hungarian,English,(Nvidia GeForce 1060|AMD Radeon 580),3379,546,NA,50
1371980,2024,Silver,No Rest for the Wicked,04,Action|Adventure|RPG|Early Access,English|French|Italian|German|Spanish - Spain|Japanese|Korean|Polish|Portuguese - Brazil|Simplified Chinese|Traditional Chinese|Russian,English,Nvidia GeForce RTX 2060|AMD Radeon RX 5700 XT,16889,6116,NA,40
2552430,2024,Silver,KINGDOM HEARTS -HD 1.5+2.5 ReMIX-,06,Action|Adventure|RPG,English|French|Italian|German|Spanish - Spain|Japanese,English|Japanese,NVIDIA GeForce GTX 750|AMD Radeon RX 460,2604,1036,12,50
2881650,2024,Silver,Content Warning,04,Action|Adventure|Indie,English|French|Italian|German|Spanish - Spain|Japanese|Korean|Portuguese - Brazil|Russian|Simplified Chinese|Traditional Chinese|Ukrainian,NA,NVIDIA GeForce GTX 1060|AMD RX 470,12341,973,NA,8
1604030,2024,Silver,V Rising,05,Action|Adventure|Massively Multiplayer,English|French|German|Spanish - Spain|Portuguese - Brazil|Simplified Chinese|Italian|Hungarian|Japanese|Korean|Polish|Russian|Turkish|Traditional Chinese|Thai|Ukrainian,English,NVIDIA GeForce GTX 1070|AMD Radeon RX 590,11565,1766,12,35
1604030,2024,Silver,V Rising,05,Action|Adventure|Massively Multiplayer,English|French|German|Spanish - Spain|Portuguese - Brazil|Simplified Chinese|Italian|Hungarian|Japanese|Korean|Polish|Russian|Turkish|Traditional Chinese|Thai|Ukrainian,English,NVIDIA GeForce GTX 1070|AMD Radeon RX 590,11565,1766,12,35
1604030,2024,Silver,V Rising,05,Action|Adventure|Massively Multiplayer,English|French|German|Spanish - Spain|Portuguese - Brazil|Simplified Chinese|Italian|Hungarian|Japanese|Korean|Polish|Russian|Turkish|Traditional Chinese|Thai|Ukrainian,English,NVIDIA GeForce GTX 1070|AMD Radeon RX 590,11565,1766,12,35
1604030,2024,Silver,V Rising,05,Action|Adventure|Massively Multiplayer,English|French|German|Spanish - Spain|Portuguese - Brazil|Simplified Chinese|Italian|Hungarian|Japanese|Korean|Polish|Russian|Turkish|Traditional Chinese|Thai|Ukrainian,English,NVIDIA GeForce GTX 1070|AMD Radeon RX 590,11565,1766,12,35
1604030,2024,Silver,V Rising,05,Action|Adventure|Massively Multiplayer,English|French|German|Spanish - Spain|Portuguese - Brazil|Simplified Chinese|Italian|Hungarian|Japanese|Korean|Polish|Russian|Turkish|Traditional Chinese|Thai|Ukrainian,English,NVIDIA GeForce GTX 1070|AMD Radeon RX 590,11565,1766,12,35
1604030,2024,Silver,V Rising,05,Action|Adventure|Massively Multiplayer,English|French|German|Spanish - Spain|Portuguese - Brazil|Simplified Chinese|Italian|Hungarian|Japanese|Korean|Polish|Russian|Turkish|Traditional Chinese|Thai|Ukrainian,English,NVIDIA GeForce GTX 1070|AMD Radeon RX 590,11565,1766,12,35
1604030,2024,Silver,V Rising,05,Action|Adventure|Massively Multiplayer,English|French|German|Spanish - Spain|Portuguese - Brazil|Simplified Chinese|Italian|Hungarian|Japanese|Korean|Polish|Russian|Turkish|Traditional Chinese|Thai|Ukrainian,English,NVIDIA GeForce GTX 1070|AMD Radeon RX 590,11565,1766,12,35
1604030,2024,Silver,V Rising,05,Action|Adventure|Massively Multiplayer,English|French|German|Spanish - Spain|Portuguese - Brazil|Simplified Chinese|Italian|Hungarian|Japanese|Korean|Polish|Russian|Turkish|Traditional Chinese|Thai|Ukrainian,English,NVIDIA GeForce GTX 1070|AMD Radeon RX 590,11565,1766,12,35
2406770,2024,Silver,Bodycam,06,Action|Indie|Massively Multiplayer|Simulation|Strategy|Early Access,English|French|Italian|German|Spanish - Spain|Arabic|Japanese|Korean|Russian|Simplified Chinese,English,AMD Radeon RX 6600 XT|NVIDIA GeForce RTX 3060,13227,4830,NA,34
2701660,2024,Silver,DRAGON QUEST III HD-2D Remake,11,RPG,English|French|Italian|German|Spanish - Spain|Spanish - Latin America|Simplified Chinese|Traditional Chinese|Japanese|Korean,English|Japanese,AMD Radeon RX 470|Intel Arc A580|NVIDIA GeForce GTX 1060,1836,739,12,60
2679460,2024,Silver,Metaphor: ReFantazio,10,Action|Adventure|RPG,English|French|Italian|German|Spanish - Spain|Japanese|Korean|Russian|Simplified Chinese|Traditional Chinese|Portuguese - Brazil|Spanish - Latin America,English|Japanese,NVIDIA GeForce GTX 970|AMD Radeon RX 480|Intel Arc A380,8758,927,16,70
2072450,2024,Silver,Like a Dragon: Infinite Wealth,01,Action|Adventure|RPG,English|French|Italian|German|Spanish - Spain|Japanese|Korean|Simplified Chinese|Traditional Chinese|Portuguese - Brazil|Russian,English|Japanese|Simplified Chinese,NVIDIA GeForce RTX 2060|AMD Radeon RX 5700|Intel Arc A750,5414,525,18,70
1601580,2024,Silver,Frostpunk 2,09,Simulation|Strategy,English|French|Italian|German|Spanish - Spain|Japanese|Korean|Polish|Portuguese - Brazil|Russian|Simplified Chinese|Turkish|Traditional Chinese|Ukrainian,English|Simplified Chinese,AMD RX 5700|NVIDIA 2060 Super|INTEL ARC A770,8079,3005,NA,45
2677660,2024,Silver,Indiana Jones and the Great Circle,12,Action|Adventure,English|French|Italian|German|Spanish - Spain|Arabic|Japanese|Korean|Polish|Portuguese - Brazil|Russian|Simplified Chinese|Spanish - Latin America|Traditional Chinese,English|French|Italian|German|Spanish - Spain|Japanese|Polish|Portuguese - Brazil|Spanish - Latin America,NVIDIA GeForce RTX 3080Ti|AMD Radeon RX 7700XT,5287,554,16,70
2515020,2024,Silver,FINAL FANTASY XVI,09,Action|RPG,English|French|Italian|German|Spanish - Spain|Arabic|Spanish - Latin America|Portuguese - Brazil|Polish|Russian|Simplified Chinese|Traditional Chinese|Japanese|Korean,English|French|Italian|German|Spanish - Latin America|Japanese,AMD Radeon RX 6700 XT|NVIDIA GeForce RTX 2080,5657,1683,18,50
1672500,2024,Silver,GUNDAM BREAKER 4,08,Action|RPG,English|Japanese|French|Italian|German|Spanish - Spain|Indonesian|Spanish - Latin America|Thai|Portuguese - Brazil|Simplified Chinese|Traditional Chinese|Korean,English|Japanese|Simplified Chinese|Traditional Chinese,Nvidia GeForce GTX 970|AMD Radeon RX 580|Intel Arc A770,1863,506,7,60
2322010,2024,Silver,God of War Ragnarök,09,Action|Adventure|RPG,English|French|Italian|German|Spanish - Spain|Arabic|Czech|Dutch|Greek|Hungarian|Japanese|Korean|Polish|Portuguese - Brazil|Portuguese - Portugal|Russian|Simplified Chinese|Spanish - Latin America|Thai|Traditional Chinese|Turkish|Croatian,English|French|Italian|German|Spanish - Spain|Arabic|Greek|Japanese|Polish|Portuguese - Brazil|Portuguese - Portugal|Russian|Spanish - Latin America,NVIDIA RTX 2060 Super|AMD RX 5700|Intel Arc A770,7407,2184,18,60
2567870,2024,Silver,Chained Together,06,Adventure|Casual|Indie|Simulation,English,English,NVIDIA GeForce RTX 3060,16568,1932,NA,5
526870,2024,Silver,Satisfactory,09,Adventure|Indie|Simulation|Strategy,English|French|Italian|German|Spanish - Spain|Japanese|Korean|Polish|Portuguese - Brazil|Russian|Simplified Chinese|Traditional Chinese|Ukrainian,English,Nvidia RTX 2070﻿,20679,1218,NA,40
2537590,2024,Silver,Microsoft Flight Simulator 2024,11,Simulation,English|French|Italian|German|Spanish - Spain|Dutch|Finnish|Japanese|Korean|Norwegian|Polish|Portuguese - Brazil|Portuguese - Portugal|Russian|Simplified Chinese|Spanish - Latin America|Swedish|Turkish,English|French|Italian|German|Spanish - Spain|Dutch|Finnish|Japanese|Korean|Norwegian|Polish|Portuguese - Brazil|Portuguese - Portugal|Russian|Simplified Chinese|Spanish - Latin America|Swedish|Turkish,Radeon RX 5700 XT|GeForce RTX 2080,3459,5714,3,70
2124490,2024,Silver,SILENT HILL 2,10,Action|Adventure,English|French|Italian|German|Spanish - Spain|Spanish - Latin America|Polish|Russian|Simplified Chinese|Traditional Chinese|Japanese|Korean|Ukrainian|Portuguese - Brazil,English|Japanese,NVIDIA GeForce 2080RTX|AMD Radeon 6800XT,16956,928,18,70
