id,title,publisher,month_published,year_published,top_sell_category,price_USD,genre,age_rating_PEGI,languages_interface,languages_spoken,recommended_graphics,user_ratings_positive,user_ratings_negative,user_ratings_total,user_ratings_pct
1599340,Lost Ark,Amazon Game Studios,02,2022,Platinum,0,Action|Adventure|Massively Multiplayer|RPG|Free To Play,18,English|Spanish - Spain,English|Spanish - Spain,Nvidia Geforce GTX 1660 Super|AMD Radeon RX 6600,108155,41295,149450,0.72
1245620,ELDEN RING,"FromSoftware, Inc.",02,2022,Platinum,60,Action|RPG,16,English|French|Italian|German|Spanish - Spain|Japanese|Korean|Polish|Portuguese - Brazil|Russian|Simplified Chinese|Spanish - Latin America|Thai|Traditional Chinese|Arabic,English,NVIDIA GEFORCE GTX 1070|AMD RADEON RX VEGA 56,261763,44045,305808,0.86
1142710,Total War: WARHAMMER III,SEGA,02,2022,Platinum,60,Action|Strategy,16,English|French|Italian|German|Spanish - Spain|Czech|Korean|Polish|Portuguese - Brazil|Russian|Simplified Chinese|Traditional Chinese|Turkish,English,Nvidia GeForce GTX 1660 Ti|AMD Radeon RX 5600 XT|Intel Arc A750,17070,10952,28022,0.61
1332010,Stray,Annapurna Interactive,07,2022,Platinum,30,Adventure|Indie,12,English|French|Italian|German|Spanish - Spain|Japanese|Korean|Polish|Portuguese - Brazil|Russian|Simplified Chinese|Spanish - Latin America|Traditional Chinese|Turkish|Dutch|Portuguese - Portugal,NA,NVIDIA GeForce GTX 780|AMD Radeon R9 290X,68523,1783,70306,0.97
534380,Dying Light 2 Stay Human: Reloaded Edition,Techland,02,2022,Platinum,60,Action|Adventure|RPG,18,English|French|Italian|German|Spanish - Spain|Korean|Polish|Portuguese - Brazil|Russian|Spanish - Latin America|Arabic|Czech|Japanese|Portuguese - Portugal|Simplified Chinese|Traditional Chinese|Turkish,English|French|German|Spanish - Spain|Polish|Portuguese - Brazil|Russian|Spanish - Latin America|Japanese|Simplified Chinese,NVIDIA GeForce RTX 2060|AMD Radeon RX Vega 56,54306,14325,68631,0.79
920210,LEGO® Star Wars™: The Skywalker Saga,Warner Bros. Games,04,2022,Platinum,50,Action|Adventure,7,English|French|Italian|German|Spanish - Spain|Arabic|Danish|Dutch|Korean|Polish|Portuguese - Brazil|Russian|Spanish - Latin America|Traditional Chinese|Japanese,English|French|Italian|German|Spanish - Spain|Polish|Portuguese - Brazil|Spanish - Latin America|Japanese,Nvidia GeForce GTX 780|AMD Radeon R9 290,19579,1479,21058,0.93
1449850,Yu-Gi-Oh! Master Duel,KONAMI,01,2022,Platinum,0,Simulation|Strategy|Free To Play,7,English|French|Italian|German|Spanish - Latin America|Portuguese - Brazil|Japanese|Korean|Simplified Chinese|Traditional Chinese,NA,NVIDIA GeForce RTX 3060,24478,7311,31789,0.77
1446780,MONSTER HUNTER RISE,"CAPCOM Co., Ltd.",01,2022,Platinum,40,Action,12,English|French|Italian|German|Spanish - Spain|Arabic|Japanese|Korean|Polish|Portuguese - Brazil|Russian|Simplified Chinese|Traditional Chinese|Spanish - Latin America,English|Japanese,NVIDIA GeForce GTX 1060|AMD Radeon RX 570,13369,2101,15470,0.86
1361210,"Warhammer 40,000: Darktide",Fatshark,11,2022,Platinum,40,Action|Adventure|RPG,18,English|French|Italian|German|Spanish - Spain|Polish|Portuguese - Brazil|Russian|Simplified Chinese|Japanese|Korean|Traditional Chinese,English,NVIDIA GeForce RTX 3060|AMD Radeon RX 5700 XT,29104,18217,47321,0.62
1811260,EA SPORTS™ FIFA 23,Electronic Arts,09,2022,Platinum,NA,Simulation|Sports,3,English|French|Italian|German|Spanish - Spain|Arabic|Czech|Danish|Dutch|Japanese|Korean|Norwegian|Polish|Portuguese - Portugal|Portuguese - Brazil|Russian|Simplified Chinese|Spanish - Latin America|Swedish|Traditional Chinese|Turkish,English|French|Italian|German|Spanish - Spain|Arabic|Dutch|Japanese|Polish|Portuguese - Brazil|Russian|Simplified Chinese,NVIDIA GeForce GTX 1660|AMD Radeon RX 5600 XT,7585,10988,18573,0.41
1938090,Call of Duty®,Activision,10,2022,Platinum,70,Action,18,English|French|Italian|German|Spanish - Spain|Korean|Polish|Russian|Traditional Chinese|Japanese|Spanish - Latin America|Arabic|Simplified Chinese|Portuguese - Brazil,English|French|Italian|German|Spanish - Spain|Japanese|Spanish - Latin America|Simplified Chinese|Portuguese - Brazil,AMD Radeon RX 6600 XT|NVIDIA GeForce RTX 3060|Intel Arc B580,81848,49892,131740,0.62
1604030,V Rising,Stunlock Studios,05,2022,Platinum,35,Action|Adventure|Massively Multiplayer,12,English|French|German|Spanish - Spain|Portuguese - Brazil|Simplified Chinese|Italian|Hungarian|Japanese|Korean|Polish|Russian|Turkish|Traditional Chinese|Thai|Ukrainian,English,NVIDIA GeForce GTX 1070|AMD Radeon RX 590,11565,1766,13331,0.87
1286680,Tiny Tina's Wonderlands,2K,06,2022,Gold,60,Action|Adventure|RPG,16,English|French|Italian|German|Spanish - Spain|Japanese|Korean|Portuguese - Brazil|Russian|Simplified Chinese|Thai|Traditional Chinese,English|French|German|Spanish - Spain|Japanese|Korean|Simplified Chinese,AMD Radeon RX 590|NVIDIA GeForce GTX 1060,2121,670,2791,0.76
975370,Dwarf Fortress,Kitfox Games,12,2022,Gold,30,Indie|Simulation|Strategy,NA,English,NA,NA,16624,775,17399,0.96
529340,Victoria 3,Paradox Interactive,10,2022,Gold,50,Simulation|Strategy,12,English|French|German|Spanish - Spain|Japanese|Korean|Polish|Portuguese - Brazil|Russian|Simplified Chinese|Turkish,NA,Nvidia GeForce GTX 1660|AMD Radeon RX 5600 XT|Intel Arc A580,11019,5593,16612,0.66
1462040,FINAL FANTASY VII REMAKE INTERGRADE,Square Enix,06,2022,Gold,40,Action|Adventure|RPG,16,English|French|Italian|German|Spanish - Spain|Spanish - Latin America|Portuguese - Brazil|Simplified Chinese|Traditional Chinese|Japanese|Korean,English|French|German|Japanese,AMD Radeon RX 5700|NVIDIA GeForce GTX 1080,5220,570,5790,0.9
648800,Raft,Axolot Games,06,2022,Gold,20,Adventure|Indie|Simulation,NA,English|French|Italian|German|Spanish - Spain|Japanese|Korean|Polish|Portuguese - Brazil|Russian|Simplified Chinese|Swedish,English,Nvidia GeForce GTX 1050,21429,1772,23201,0.92
1817070,Marvel’s Spider-Man Remastered,PlayStation Publishing LLC,08,2022,Gold,60,Action|Adventure|Casual,16,English|French|Italian|German|Spanish - Spain|Czech|Danish|Dutch|Finnish|Greek|Hungarian|Japanese|Korean|Norwegian|Polish|Portuguese - Portugal|Portuguese - Brazil|Russian|Spanish - Latin America|Swedish|Traditional Chinese,English|French|Italian|German|Spanish - Spain|Arabic|Japanese|Polish|Portuguese - Portugal|Portuguese - Brazil|Russian|Spanish - Latin America,NVIDIA GeForce GTX 1060|AMD Radeon RX 580,26403,981,27384,0.96
1687950,Persona 5 Royal,SEGA,10,2022,Gold,60,RPG,16,English|French|Italian|German|Spanish - Spain|Japanese|Korean|Simplified Chinese|Traditional Chinese,English|Japanese,Nvidia GeForce GTX 760|AMD Radeon HD 7870,14390,354,14744,0.98
1904540,Football Manager 2023,SEGA,11,2022,Gold,NA,Simulation|Sports,3,English|French|Italian|German|Spanish - Spain|Danish|Dutch|Korean|Norwegian|Polish|Portuguese - Portugal|Simplified Chinese|Swedish|Turkish|Greek|Russian,NA,NA,4719,795,5514,0.86
1583230,High On Life,"Squanch Games, Inc.",12,2022,Gold,40,Action|Adventure,16,English|French|Italian|German|Spanish - Latin America,English,NVIDIA GeForce RTX 2060|AMD Radeon RX 5600 XT,7129,747,7876,0.91
1692250,F1® 22,Electronic Arts,07,2022,Gold,NA,Racing|Sports,3,English|French|Italian|German|Spanish - Spain|Dutch|Japanese|Portuguese - Brazil|Simplified Chinese|Polish|Russian,English|French|Italian|German|Spanish - Spain|Dutch|Japanese|Portuguese - Brazil|Simplified Chinese,NVIDIA GeForce GTX 1660 Ti|AMD Radeon RX 590|NVIDIA GeForce RTX 3070|AMD Radeon RX 6800|NVIDIA GeForce RTX 2070|AMD Radeon RX 6700 XT,6687,3659,10346,0.65
1593500,God of War,PlayStation Publishing LLC,01,2022,Gold,50,Action|Adventure|RPG,18,English|French|Italian|German|Spanish - Spain|Dutch|Japanese|Korean|Polish|Portuguese - Portugal|Portuguese - Brazil|Russian|Spanish - Latin America|Turkish|Traditional Chinese|Czech|Hungarian|Greek,English|French|Italian|German|Spanish - Spain|Japanese|Polish|Portuguese - Portugal|Portuguese - Brazil|Russian|Spanish - Latin America,NVIDIA GTX 1060|AMD Radeon RX 570,28665,983,29648,0.97
1313140,Cult of the Lamb,Devolver Digital,08,2022,Gold,25,Action|Adventure|Indie|Strategy,12,English|French|German|Spanish - Spain|Japanese|Korean|Portuguese - Brazil|Russian|Simplified Chinese|Traditional Chinese,NA,Nvidia GeForce GTX 1050|AMD Radeon R9 380,24408,2169,26577,0.92
1255630,WWE 2K22,2K,03,2022,Silver,NA,Simulation|Sports,16,English|French|Italian|German|Spanish - Spain|Arabic,English,Nvidia GeForce GTX 1070|AMD Radeon RX 580,3396,1250,4646,0.73
1703340,The Stanley Parable: Ultra Deluxe,Crows Crows Crows,04,2022,Silver,25,Adventure|Casual|Indie,12,English|French|Italian|German|Russian|Spanish - Spain|Japanese|Korean|Polish|Portuguese - Brazil|Simplified Chinese|Ukrainian,English,NA,11081,694,11775,0.94
1544020,The Callisto Protocol™,"KRAFTON, Inc.",12,2022,Silver,60,Action|Adventure,18,English|French|Italian|German|Spanish - Spain|Japanese|Korean|Polish|Portuguese - Brazil|Simplified Chinese|Spanish - Latin America|Russian,English|French|Italian|German|Spanish - Spain|Japanese|Korean|Simplified Chinese,NVIDIA GeForce GTX 1070|AMD Radeon RX 5700,12996,8914,21910,0.59
1498570,THE KING OF FIGHTERS XV,SNK CORPORATION,12,2022,Silver,30,Action,12,English|Japanese|French|Italian|German|Spanish - Spain|Spanish - Latin America|Thai|Portuguese - Brazil|Russian|Simplified Chinese|Traditional Chinese|Korean|Arabic,Japanese,Nvidia GeForce GTX 1060|AMD Radeon RX 480,137,19,156,0.88
824550,SD GUNDAM BATTLE ALLIANCE,Bandai Namco Entertainment,08,2022,Silver,60,Action|RPG,12,English|French|Italian|German|Spanish - Spain|Thai|Portuguese - Brazil|Simplified Chinese|Traditional Chinese|Japanese|Korean|Spanish - Latin America,Japanese,Nvidia GeForce RTX 2080,2259,1392,3651,0.62
1029690,Sniper Elite 5,Rebellion,05,2022,Silver,50,Action|Adventure,16,English|French|Italian|German|Spanish - Spain|Japanese|Korean|Polish|Portuguese - Brazil|Russian|Simplified Chinese|Traditional Chinese,English,NA,2830,1048,3878,0.73
1253920,Rogue Legacy 2,Cellar Door Games,04,2022,Silver,25,Action|Adventure|Indie|RPG,NA,English|French|Italian|German|Spanish - Spain|Korean|Portuguese - Brazil|Russian|Simplified Chinese|Traditional Chinese|Turkish|Japanese,NA,Nvidia GeForce GTX 680|AMD Radeon R9 280X,3570,511,4081,0.87
1708520,F1® Manager 2022,Frontier Developments,08,2022,Silver,NA,Simulation|Strategy,3,English|French|Italian|German|Spanish - Spain|Dutch|Japanese|Polish|Portuguese - Brazil|Russian|Simplified Chinese|Spanish - Latin America|Turkish,English|French|Italian|German|Spanish - Spain|Dutch|Japanese|Portuguese - Brazil|Simplified Chinese|Spanish - Latin America,Nvidia GeForce GTX 1080|AMD Radeon RX 580,3525,1273,4798,0.73
261550,Mount & Blade II: Bannerlord,TaleWorlds Entertainment,10,2022,Silver,50,Action|Indie|RPG|Simulation|Strategy,16,English|Simplified Chinese|Turkish|Traditional Chinese|French|Italian|Japanese|Korean|Polish|Portuguese - Brazil|Russian|Spanish - Latin America|German,English,NVIDIA GeForce GTX 1060|AMD Radeon RX 580,9774,1357,11131,0.88
1846380,Need for Speed™ Unbound,Electronic Arts,12,2022,Silver,70,Action|Racing,12,English|French|Italian|German|Spanish - Spain|Arabic|Japanese|Korean|Polish|Portuguese - Brazil|Simplified Chinese|Traditional Chinese,English|French|Italian|German|Spanish - Spain|Japanese|Polish|Simplified Chinese,AMD Radeon RX 5700|Nvidia GeForce RTX 2070,5565,2793,8358,0.67
1817190,Marvel’s Spider-Man: Miles Morales,PlayStation Publishing LLC,11,2022,Silver,50,Action|Adventure,16,English|French|Italian|German|Spanish - Spain|Czech|Danish|Dutch|Finnish|Greek|Hungarian|Japanese|Korean|Norwegian|Polish|Portuguese - Brazil|Portuguese - Portugal|Russian|Simplified Chinese|Spanish - Latin America|Swedish|Traditional Chinese,English|French|Italian|German|Spanish - Spain|Arabic|Japanese|Polish|Portuguese - Brazil|Portuguese - Portugal|Russian|Spanish - Latin America,NVIDIA GeForce GTX 1060|AMD Radeon RX 580,6191,389,6580,0.94
1824220,Chivalry 2,Tripwire Presents,06,2022,Silver,40,Action|Massively Multiplayer,18,English|French|Italian|German|Spanish - Spain|Japanese|Korean|Polish|Portuguese - Brazil|Russian|Simplified Chinese|Traditional Chinese,English,Nvidia GeForce GTX 1070|AMD Radeon RX Vega 56,9472,2116,11588,0.82
1361510,Teenage Mutant Ninja Turtles: Shredder's Revenge,Dotemu,06,2022,Silver,25,Action|Adventure|Casual|Indie,12,English|French|Italian|German|Spanish - Spain|Simplified Chinese|Traditional Chinese|Korean|Japanese|Portuguese - Brazil,English|Simplified Chinese|Traditional Chinese,NVIDIA GeForce GTS 450|AMD Radeon R7 250|Intel HD 630,5869,453,6322,0.93
1818750,MultiVersus,Warner Bros. Games,07,2022,Silver,NA,Action|Free To Play,12,English|French|Italian|German|Spanish - Spain|Polish|Portuguese - Brazil|Russian|Simplified Chinese|Spanish - Latin America|Japanese|Korean|Traditional Chinese,English|French|Italian|German|Spanish - Spain|Portuguese - Brazil|Spanish - Latin America,Nvidia GeForce GTX 760|AMD Radeon R9 280|Intel Arc A310,66707,8818,75525,0.88
1919590,NBA 2K23,2K,09,2022,Silver,NA,Simulation|Sports,3,English|French|Italian|German|Spanish - Spain|Japanese|Korean|Simplified Chinese|Traditional Chinese,English,NVIDIA GeForce GTX 770|AMD Radeon R9 270,3980,3474,7454,0.53
962130,Grounded,Xbox Game Studios,09,2022,Silver,40,Action|Adventure,12,English|French|Italian|German|Spanish - Latin America|Korean|Polish|Portuguese - Brazil|Russian|Simplified Chinese|Japanese|Thai|Traditional Chinese|Turkish|Spanish - Spain|Arabic,English|Japanese,Nvidia GeForce GTX 1060|AMD Radeon RX 470,3934,724,4658,0.84
1657630,Slime Rancher 2,Monomi Park,09,2022,Silver,30,Action|Adventure|Casual|Indie|Simulation,NA,English|French|German|Japanese|Korean|Russian|Simplified Chinese|Spanish - Latin America|Portuguese - Brazil,NA,NVIDIA GeForce RTX 2070|AMD Radeon RX 5700,2453,367,2820,0.87
368260,Marvel's Midnight Suns,2K,12,2022,Silver,60,RPG|Strategy,12,English|French|Italian|German|Spanish - Spain|Japanese|Korean|Polish|Portuguese - Brazil|Simplified Chinese|Traditional Chinese,English|French|German|Spanish - Spain|Japanese|Korean|Simplified Chinese,AMD Radeon RX 5700|Nvidia GeForce GTX 1070,4372,1357,5729,0.76
1044720,Farthest Frontier,Crate Entertainment,10,2022,Silver,35,Indie|Simulation|Strategy,NA,English|French|Italian|German|Spanish - Spain|Czech|Korean|Polish|Portuguese - Brazil|Russian|Simplified Chinese|Swedish|Traditional Chinese|Japanese|Ukrainian,English,NVIDIA GeForce GTX 980|AMD Radeon RX 590,1262,230,1492,0.85
1475810,Ghostwire: Tokyo,Bethesda Softworks,03,2022,Silver,60,Action,12,English|French|Italian|German|Spanish - Spain|Arabic|Spanish - Latin America|Portuguese - Brazil|Polish|Russian|Simplified Chinese|Traditional Chinese|Japanese|Korean,English|French|Italian|German|Spanish - Spain|Spanish - Latin America|Portuguese - Brazil|Polish|Russian|Japanese,Nvidia GeForce GTX 1080|AMD Radeon RX 5600 XT|Intel Arc A750,3044,721,3765,0.81
2208920,Assassin's Creed Valhalla,Ubisoft,12,2022,Silver,60,Action|Adventure|RPG,18,English|French|Italian|German|Spanish - Spain|Arabic|Simplified Chinese|Traditional Chinese|Korean|Spanish - Latin America|Japanese|Polish|Portuguese - Brazil|Russian,English|French|Italian|German|Spanish - Spain|Japanese|Portuguese - Brazil|Russian,AMD Radeon R9 380|NVIDIA GeForce GTX 960,3472,1939,5411,0.64
1608070,CRISIS CORE –FINAL FANTASY VII– REUNION,Square Enix,12,2022,Silver,50,Action|RPG,16,English|French|Italian|German|Spanish - Spain|Japanese|Korean|Simplified Chinese|Traditional Chinese,English|Japanese,AMD Radeon RX 5500 XT|Intel Arc A750|NVIDIA GeForce GTX 1060,2353,241,2594,0.91
1237320,Sonic Frontiers,SEGA,11,2022,Silver,60,Action|Adventure,7,English|French|Italian|German|Spanish - Spain|Portuguese - Brazil|Polish|Russian|Simplified Chinese|Traditional Chinese|Japanese|Korean,English|French|Italian|German|Spanish - Spain|Japanese,NVIDIA GeForce GTX 1070|AMD Radeon RX Vega 56,10877,603,11480,0.95
1611910,"Warhammer 40,000: Chaos Gate - Daemonhunters",Frontier Foundry,05,2022,Silver,45,RPG|Strategy,18,English|French|Italian|German|Spanish - Spain|Polish|Portuguese - Brazil|Russian|Simplified Chinese|Traditional Chinese|Japanese|Korean,English,NVIDIA GeForce GTX 1060|AMD Radeon RX 580,3382,1120,4502,0.75
1621690,Core Keeper,Fireshine Games,08,2022,Silver,20,Action|Adventure|Indie|RPG|Simulation,7,English|Simplified Chinese|Thai|German|Japanese|Korean|Spanish - Spain|French|Italian|Portuguese - Brazil|Traditional Chinese|Russian|Ukrainian,NA,Nvidia GeForce GTX 1050 Ti|AMD Radeon R9 280X,4723,506,5229,0.9
1496790,Gotham Knights,Warner Bros. Games,10,2022,Silver,60,Action|Adventure|RPG,16,English|French|Italian|German|Spanish - Spain|Arabic|Japanese|Korean|Polish|Simplified Chinese|Spanish - Latin America|Traditional Chinese|Portuguese - Brazil,English|French|Italian|German|Spanish - Spain|Spanish - Latin America|Portuguese - Brazil,NVIDIA GeForce RTX 2070|AMD Radeon RX 5700 XT,5404,2107,7511,0.72
949230,Cities: Skylines II,Paradox Interactive,10,2023,Platinum,50,Simulation,3,English|French|Italian|German|Japanese|Korean|Polish|Russian|Simplified Chinese|Portuguese - Brazil|Traditional Chinese|Spanish - Spain,NA,Nvidia GeForce RTX 3080|AMD Radeon RX 6800 XT,17025,11987,29012,0.59
1888160,ARMORED CORE™ VI FIRES OF RUBICON™,"FromSoftware, Inc.",08,2023,Platinum,60,Action,12,English|French|Italian|German|Spanish - Spain|Japanese|Korean|Polish|Portuguese - Brazil|Russian|Simplified Chinese|Spanish - Latin America|Traditional Chinese,English|Japanese,NVIDIA GeForce GTX 1060|AMD Radeon RX 590|Intel Arc A750,36094,4966,41060,0.88
1774580,STAR WARS Jedi: Survivor™,Electronic Arts,04,2023,Platinum,70,Action|Adventure,12,English|French|Italian|German|Spanish - Spain|Japanese|Korean|Polish|Portuguese - Brazil|Simplified Chinese|Spanish - Latin America|Traditional Chinese,English|French|Italian|German|Spanish - Spain|Japanese|Polish|Portuguese - Brazil|Spanish - Latin America,Nvidia GeForce RTX 2070|AMD Radeon RX 6700 XT,16483,11555,28038,0.59
2195250,EA SPORTS FC™ 24,Electronic Arts,09,2023,Platinum,NA,Simulation|Sports,3,English|French|Italian|German|Spanish - Spain|Japanese|Korean|Polish|Portuguese - Brazil|Simplified Chinese|Spanish - Latin America|Traditional Chinese|Arabic|Czech|Danish|Dutch|Norwegian|Portuguese - Portugal|Russian|Swedish|Turkish,English|French|Italian|German|Spanish - Spain|Japanese|Polish|Portuguese - Brazil|Simplified Chinese|Spanish - Latin America|Arabic|Dutch|Russian,NVIDIA GeForce GTX 1660|AMD Radeon RX 5600 XT,7381,6014,13395,0.55
1272080,PAYDAY 3,Deep Silver,09,2023,Platinum,30,Action|Adventure|RPG,18,English|French|Italian|German|Spanish - Spain|Japanese|Korean|Polish|Portuguese - Brazil|Russian|Simplified Chinese|Spanish - Latin America|Traditional Chinese|Turkish,English,Nvidia GeForce GTX 1080|AMD Radeon RX VEGA 56,12448,20888,33336,0.37
1326470,Sons Of The Forest,Newnight,02,2023,Platinum,30,Action|Adventure|Indie|Simulation,NA,English|French|Italian|German|Spanish - Spain|Czech|Finnish|Japanese|Korean|Polish|Portuguese - Brazil|Russian|Simplified Chinese|Swedish|Traditional Chinese|Turkish,English,NVIDIA GeForce GTX 1080 Ti|AMD Radeon RX 5700 XT,11054,1428,12482,0.89
1364780,Street Fighter™ 6,"CAPCOM Co., Ltd.",06,2023,Platinum,40,Action|Adventure,12,English|Japanese|French|Italian|German|Spanish - Spain|Arabic|Portuguese - Brazil|Polish|Russian|Simplified Chinese|Traditional Chinese|Korean|Spanish - Latin America,English|Japanese,AMD Radeon RX 5700XT,11369,1458,12827,0.89
1282100,REMNANT II®,Arc Games,07,2023,Platinum,50,Action|Adventure|RPG,18,English|French|Italian|German|Spanish - Spain|Japanese|Korean|Portuguese - Brazil|Russian|Simplified Chinese,English|French|Italian|German|Spanish - Spain|Russian|Simplified Chinese,Nvidia GeForce RTX 2060|AMD Radeon RX 5700,17547,3884,21431,0.82
990080,Hogwarts Legacy,Warner Bros. Games,02,2023,Platinum,60,Action|Adventure|RPG,12,English|French|Italian|German|Spanish - Spain|Arabic|Japanese|Korean|Polish|Portuguese - Brazil|Russian|Simplified Chinese|Spanish - Latin America|Traditional Chinese,English|French|Italian|German|Spanish - Spain|Japanese|Portuguese - Brazil|Spanish - Latin America,NVIDIA GeForce 1080 Ti|AMD Radeon RX 5700 XT|INTEL Arc A770,129385,10485,139870,0.93
1086940,Baldur's Gate 3,Larian Studios,08,2023,Platinum,60,Adventure|RPG|Strategy,18,English|French|German|Spanish - Spain|Polish|Russian|Simplified Chinese|Turkish|Portuguese - Brazil|Italian|Spanish - Latin America|Traditional Chinese|Ukrainian|Korean|Japanese,English,Nvidia GeForce RTX 2060 Super|Intel Arc A580,241572,9765,251337,0.96
2050650,Resident Evil 4,"CAPCOM Co., Ltd.",03,2023,Platinum,40,Action|Adventure,18,English|French|Italian|German|Spanish - Spain|Arabic|Japanese|Korean|Portuguese - Brazil|Russian|Simplified Chinese|Traditional Chinese|Spanish - Latin America,English|French|Italian|German|Spanish - Spain|Japanese|Portuguese - Brazil|Russian|Simplified Chinese,AMD Radeon RX 5700|NVIDIA GeForce GTX 1070,46812,1444,48256,0.97
1716740,Starfield,Bethesda Softworks,09,2023,Platinum,70,RPG,18,English|French|Italian|German|Spanish - Spain|Japanese|Polish|Portuguese - Brazil|Simplified Chinese,English|French|German|Spanish - Spain|Japanese,AMD Radeon RX 6800 XT|NVIDIA GeForce RTX 2080,53302,20482,73784,0.72
1971870,Mortal Kombat 1,Warner Bros. Games,09,2023,Gold,50,Action,18,English|French|Italian|German|Spanish - Spain|Arabic|Polish|Portuguese - Brazil|Russian|Simplified Chinese|Spanish - Latin America|Traditional Chinese|Korean,English|French|Italian|German|Spanish - Spain|Portuguese - Brazil|Spanish - Latin America,Nvidia GeForce RTX 2080 Ti|AMD Radeon RX 5700 XT|Intel Arc A770,7346,2517,9863,0.74
1669000,Age of Wonders 4,Paradox Interactive,05,2023,Gold,50,RPG|Strategy,16,English|French|German|Spanish - Spain|Japanese|Korean|Polish|Russian|Simplified Chinese,English,Nvidia GeForce GTX 1070 Ti|AMD Radeon RX 5700 XT,5829,1478,7307,0.8
2399830,ARK: Survival Ascended,Studio Wildcard,10,2023,Gold,45,Action|Adventure|Indie|Massively Multiplayer|RPG|Early Access,16,English|French|Italian|German|Spanish - Spain|Danish|Dutch|Japanese|Korean|Portuguese - Brazil|Portuguese - Portugal|Russian|Simplified Chinese|Spanish - Latin America|Traditional Chinese|Turkish,English,AMD Radeon RX 6800|NVIDIA GeForce RTX 3080,18494,14276,32770,0.56
1260320,Party Animals,Source Technology,09,2023,Gold,20,Action|Casual|Indie,7,English|Simplified Chinese|Traditional Chinese|French|German|Spanish - Spain|Japanese|Korean|Portuguese - Brazil|Thai,English|Simplified Chinese|Traditional Chinese,NVIDIA GeForce GTX 1060|AMD Radeon RX 580|Intel Arc A380,14002,6521,20523,0.68
668580,Atomic Heart,Focus Entertainment,02,2023,Gold,60,Action|Adventure|RPG,18,English|French|German|Spanish - Spain|Japanese|Russian|Simplified Chinese|Korean|Polish|Portuguese - Brazil|Italian|Traditional Chinese|Ukrainian,English|French|German|Spanish - Spain|Japanese|Russian|Simplified Chinese|Polish|Portuguese - Brazil|Italian,AMD Radeon RX 6700 XT|NVIDIA GeForce RTX 2070,12980,2183,15163,0.86
2252570,Football Manager 2024,SEGA,11,2023,Gold,NA,Simulation|Sports|Strategy,3,English|French|Italian|German|Spanish - Spain|Danish|Dutch|Greek|Japanese|Korean|Norwegian|Polish|Portuguese - Portugal|Russian|Simplified Chinese|Swedish|Turkish,NA,NA,6261,858,7119,0.88
671860,BattleBit Remastered,SgtOkiDoki,06,2023,Gold,15,Action|Massively Multiplayer|Early Access,NA,English|French|Italian|German|Spanish - Spain|Arabic|Czech|Dutch|Finnish|Hungarian|Japanese|Korean|Norwegian|Polish|Portuguese - Brazil|Russian|Simplified Chinese|Traditional Chinese|Turkish|Ukrainian|Vietnamese|Belarusian|Estonian|Macedonian|Serbian|Slovak|Swedish,NA,Nvidia Geforce GTX 600,59613,6752,66365,0.9
1868140,DAVE THE DIVER,MINTROCKET,06,2023,Gold,20,Adventure|Casual|RPG|Simulation,12,English|Korean|Japanese|Simplified Chinese|German|Spanish - Spain|Traditional Chinese|French|Portuguese - Brazil|Italian|Russian,NA,NVIDIA Geforce GTX 750 Ti|AMD Radeon R9 270X,31977,1154,33131,0.97
1448440,Wo Long: Fallen Dynasty,"KOEI TECMO GAMES CO., LTD.",03,2023,Gold,40,Action|Adventure|RPG,16,English|French|Italian|German|Spanish - Spain|Portuguese - Brazil|Russian|Simplified Chinese|Traditional Chinese|Japanese|Korean,English|Simplified Chinese|Japanese,Nvidia GeForce RTX 2060|AMD Radeon RX 5700 XT,7316,9212,16528,0.44
1304930,The Outlast Trials,Red Barrels,03,2023,Gold,40,Action|Adventure|Indie,NA,English|French|Italian|German|Spanish - Spain|Japanese|Korean|Polish|Portuguese - Brazil|Russian|Simplified Chinese|Spanish - Latin America|Turkish|Traditional Chinese,English|French,NVIDIA GeForce GTX 1660|AMD Radeon RX Vega 56|Intel Arc A580,2701,273,2974,0.91
2073850,THE FINALS,Embark Studios,12,2023,Gold,0,Action|Free To Play,NA,English|French|German|Spanish - Spain|Japanese|Korean|Portuguese - Brazil|Simplified Chinese|Traditional Chinese|Polish|Turkish,English,NVIDIA GeForce RTX 2070|AMD Radeon RX 5700 XT,82940,29920,112860,0.73
1693980,Dead Space,Electronic Arts,01,2023,Gold,60,Action|Adventure,18,English|French|Italian|German|Spanish - Spain|Japanese|Korean|Polish|Simplified Chinese|Spanish - Latin America|Traditional Chinese|Portuguese - Brazil,English|French|Italian|German|Spanish - Spain|Polish|Simplified Chinese,AMD Radeon RX 6700 XT|Nvidia Geforce RTX 2070,18534,1764,20298,0.91
1562430,DREDGE,Team17,03,2023,Silver,25,Adventure|RPG,12,English|French|Italian|German|Spanish - Spain|Japanese|Korean|Russian|Simplified Chinese|Traditional Chinese|Portuguese - Brazil|Polish,NA,Nvidia GeForce GTS 450|AMD Radeon HD 5770,8664,356,9020,0.96
2338770,NBA 2K24,2K,09,2023,Silver,NA,Simulation|Sports,3,English|French|Italian|German|Spanish - Spain|Japanese|Korean|Simplified Chinese|Traditional Chinese,English,NVIDIA GeForce GTX 770|AMD Radeon R9 270,1458,9700,11158,0.13
1676840,For The King II,Curve Games,11,2023,Silver,25,Adventure|Indie|RPG|Strategy,NA,English|French|Italian|German|Spanish - Spain|Japanese|Korean|Polish|Portuguese - Brazil|Russian|Simplified Chinese|Traditional Chinese|Ukrainian,NA,Nvidia GeForce RTX 2060 Super|AMD Radeon RX 5700 XT,5277,2536,7813,0.68
2440510,Forza Motorsport,Xbox Game Studios,10,2023,Silver,70,Racing,3,English|French|Italian|German|Spanish - Spain|Czech|Hungarian|Japanese|Korean|Polish|Portuguese - Brazil|Simplified Chinese|Spanish - Latin America|Traditional Chinese|Turkish|Dutch|Finnish|Norwegian|Portuguese - Portugal|Russian|Swedish,English|French|German|Portuguese - Brazil|Simplified Chinese|Spanish - Latin America,NVidia GeForce RTX 2080 TI|AMD Radeon RX 6800 XT|Intel Arc A770,1786,2645,4431,0.4
2322560,Love Is All Around,intiny,10,2023,Silver,10,Adventure|Indie|RPG|Simulation|Strategy,NA,English|Simplified Chinese|Traditional Chinese|Japanese|Vietnamese|Korean,Simplified Chinese|Traditional Chinese|Japanese,NA,27292,1426,28718,0.95
1501750,Lords of the Fallen,CI Games,10,2023,Silver,30,Action|Adventure|RPG,18,English|French|Italian|German|Spanish - Spain|Polish|Japanese|Korean|Portuguese - Brazil|Ukrainian|Traditional Chinese|Simplified Chinese,English,NVIDIA GeForce RTX 2080|AMD Radeon RX 6700,10374,7260,17634,0.59
2186680,"Warhammer 40,000: Rogue Trader",Owlcat Games,12,2023,Silver,50,Action|Adventure|Indie|RPG|Strategy,NA,English|French|German|Spanish - Spain|Russian|Simplified Chinese|Japanese|Turkish,English,AMD Radeon RX 570|NVIDIA GeForce GTX 1050 Ti,5941,2122,8063,0.74
2108330,F1® 23,Electronic Arts,06,2023,Silver,NA,Racing|Sports,3,English|French|Italian|German|Spanish - Spain|Japanese|Polish|Portuguese - Brazil|Simplified Chinese|Spanish - Latin America|Dutch|Arabic,English|French|Italian|German|Spanish - Spain|Japanese|Portuguese - Brazil|Simplified Chinese|Spanish - Latin America|Dutch,NVIDIA GeForce GTX 1660 Ti|AMD Radeon RX 590|NVIDIA GeForce RTX 3070|AMD Radeon RX 6800|NVIDIA GeForce RTX 2070|AMD Radeon RX 6700 XT,3534,667,4201,0.84
1888930,The Last of Us™ Part I,PlayStation Publishing LLC,03,2023,Silver,60,Action|Adventure,18,English|Italian|Spanish - Spain|Czech|Dutch|Greek|French|German|Danish|Finnish|Hungarian|Japanese|Korean|Norwegian|Polish|Portuguese - Brazil|Portuguese - Portugal|Russian|Simplified Chinese|Spanish - Latin America|Swedish|Thai|Traditional Chinese|Turkish|Croatian,English|Italian|Spanish - Spain|Greek|French|German|Japanese|Polish|Portuguese - Brazil|Portuguese - Portugal|Russian|Spanish - Latin America|Turkish,AMD Radeon RX 5700 XT|AMD Radeon RX 6600 XT|NVIDIA GeForce RTX 2070 SUPER|NVIDIA GeForce RTX 3060,9176,9445,18621,0.49
1971650,OCTOPATH TRAVELER II,Square Enix,02,2023,Silver,60,RPG,12,English|French|Italian|German|Spanish - Spain|Japanese|Korean|Simplified Chinese|Traditional Chinese,English|Japanese,AMD Radeon RX 470|Intel Arc A750|NVIDIA GeForce GTX 1060,3114,119,3233,0.96
1171690,Wayfinder,Airship Syndicate,10,2023,Silver,25,Action|Adventure|RPG,12,English|French|Italian|German|Japanese|Spanish - Latin America|Korean|Polish|Portuguese - Brazil|Traditional Chinese|Spanish - Spain|Simplified Chinese,English|French|German|Japanese|Spanish - Latin America|Korean|Portuguese - Brazil|Traditional Chinese|Spanish - Spain,AMD Radeon RX 6600 XT|Nvidia GeForce RTX 3070,2539,338,2877,0.88
1527950,Wartales,Shiro Games,04,2023,Silver,35,Adventure|Indie|RPG|Strategy,NA,English|French|German|Spanish - Spain|Polish|Portuguese - Brazil|Russian|Simplified Chinese|Korean,English,NVidia GeForce GTX 1080|AMD Radeon RX 5600,5743,610,6353,0.9
1938010,WILD HEARTS™,Electronic Arts,02,2023,Silver,70,Action|Adventure,12,English|French|Italian|German|Spanish - Spain|Japanese|Korean|Polish|Simplified Chinese|Spanish - Latin America|Traditional Chinese|Portuguese - Brazil,English|French|Italian|German|Spanish - Spain|Japanese,Nvidia GeForce RTX 2070|AMD Radeon RX 5700 XT,3525,4132,7657,0.46
1817230,Hi-Fi RUSH,"KRAFTON, Inc.",01,2023,Silver,30,Action,12,English|French|Italian|German|Spanish - Spain|Arabic|Spanish - Latin America|Portuguese - Brazil|Polish|Russian|Simplified Chinese|Traditional Chinese|Japanese|Korean,English|French|Italian|German|Spanish - Spain|Spanish - Latin America|Portuguese - Brazil|Polish|Japanese,Nvidia GeForce RTX 2070|AMD Radeon RX 6600|Intel Arc A750,10697,207,10904,0.98
1677280,Company of Heroes 3,Relic Entertainment,02,2023,Silver,60,Action|Strategy,18,English|French|Italian|German|Spanish - Spain|Czech|Korean|Polish|Simplified Chinese|Traditional Chinese|Japanese|Portuguese - Brazil|Turkish|Russian|Ukrainian,English,NVIDIA GeForce GTX 1660|AMD Radeon RX 5600,5287,3542,8829,0.6
1627720,Lies of P,NEOWIZ,09,2023,Silver,60,Action|Adventure|RPG,16,English|French|German|Spanish - Spain|Russian|Japanese|Simplified Chinese|Traditional Chinese|Portuguese - Brazil|Polish|Korean|Italian,English,AMD Radeon RX 6500 XT|NVIDIA GeForce GTX 1660,10465,1365,11830,0.88
1144200,Ready or Not,VOID Interactive,12,2023,Silver,50,Action|Adventure|Indie,18,English|French|German|Korean|Simplified Chinese|Italian|Spanish - Spain|Japanese|Polish|Portuguese - Portugal|Turkish|Russian,English,Nvidia GTX 1060,18283,5222,23505,0.78
954850,Kerbal Space Program 2,Private Division,02,2023,Silver,50,Indie|Simulation|Early Access,NA,English|French|Italian|German|Spanish - Spain|Japanese|Korean|Polish|Russian|Simplified Chinese|Portuguese - Brazil|Traditional Chinese,English,nVidia GeForce RTX 3080|AMD Radeon RX 6800 XT,6269,5919,12188,0.51
1268750,Starship Troopers: Extermination,Offworld,10,2023,Silver,30,Action|Indie,16,English|French|Italian|German|Spanish - Spain|Japanese|Portuguese - Brazil|Russian|Simplified Chinese|Spanish - Latin America,English,Nvidia GeForce GTX 1070,632,697,1329,0.48
1548850,Six Days in Fallujah,Victura,06,2023,Silver,40,Action|Early Access,NA,English|French|German|Korean|Simplified Chinese|Spanish - Latin America|Italian|Spanish - Spain|Portuguese - Brazil|Portuguese - Portugal|Turkish,NA,Nvidia GeForce RTX 3070|AMD Radeon RX 6800,4735,735,5470,0.87
2344520,Diablo® IV,"Blizzard Entertainment, Inc.",10,2023,Silver,50,Action|RPG,18,English|French|Italian|German|Spanish - Spain|Japanese|Korean|Polish|Portuguese - Brazil|Russian|Spanish - Latin America|Traditional Chinese|Simplified Chinese|Turkish,English|French|Italian|German|Spanish - Spain|Japanese|Korean|Polish|Portuguese - Brazil|Russian|Spanish - Latin America|Traditional Chinese|Simplified Chinese,NVIDIA GeForce GTX 970|Intel Arc A750|AMD Radeon RX 470,5447,2580,8027,0.68
1997040,MARVEL SNAP,"Second Dinner Studios, Inc.",08,2023,Silver,0,Casual|Strategy|Free To Play,7,English|French|Italian|German|Spanish - Spain|Japanese|Korean|Portuguese - Brazil|Simplified Chinese|Spanish - Latin America|Thai|Traditional Chinese|Indonesian|Russian|Vietnamese,English|French|Japanese|Korean|Spanish - Latin America|Traditional Chinese,Nvidia GeForce GTX 660|AMD Radeon HD 7970,2123,670,2793,0.76
2369390,Far Cry® 6,Ubisoft,05,2023,Silver,60,Action|Adventure,18,English|French|Italian|German|Spanish - Spain|Arabic|Japanese|Korean|Portuguese - Brazil|Russian|Simplified Chinese|Spanish - Latin America|Thai|Traditional Chinese,English|French|German|Japanese|Portuguese - Brazil|Russian|Spanish - Latin America,AMD Radeon RX Vega 64|NVIDIA GeForce GTX 1080,4581,2178,6759,0.68
1433140,The Texas Chain Saw Massacre,Gun Interactive,08,2023,Silver,20,Action|Indie,NA,English|French|Italian|German|Spanish - Spain|Japanese|Portuguese - Brazil|Russian|Simplified Chinese,English,Nvidia Geforce RTX 3070|AMD Radeon RX 6700 XT,8945,2410,11355,0.79
1940340,Darkest Dungeon® II,Red Hook Studios,05,2023,Silver,40,Indie|RPG|Strategy,12,English|French|Italian|German|Czech|Polish|Portuguese - Brazil|Russian|Spanish - Latin America|Japanese|Korean|Simplified Chinese|Ukrainian|Spanish - Spain|Traditional Chinese,English,NA,6467,2152,8619,0.75
1337520,Risk of Rain Returns,Gearbox Publishing,11,2023,Silver,15,Action,7,English|French|Italian|German|Spanish - Spain|Japanese|Korean|Portuguese - Brazil|Russian|Turkish|Simplified Chinese,NA,NA,19827,2303,22130,0.9
2933620,Call of Duty®: Black Ops 6,Activision,11,2024,Platinum,70,Action,18,English|French|Italian|German|Spanish - Spain|Korean|Polish|Russian|Traditional Chinese|Japanese|Spanish - Latin America|Arabic|Simplified Chinese|Portuguese - Brazil,English|French|Italian|German|Spanish - Spain|Japanese|Spanish - Latin America|Portuguese - Brazil,AMD Radeon RX 6600 XT|NVIDIA GeForce GTX 1080 Ti,4671,3555,8226,0.57
2183900,"Warhammer 40,000: Space Marine 2",Focus Entertainment,09,2024,Platinum,60,Action|Adventure|RPG,18,English|French|Italian|German|Spanish - Spain|Russian|Czech|Japanese|Korean|Polish|Portuguese - Brazil|Simplified Chinese|Spanish - Latin America|Traditional Chinese|Turkish|Ukrainian|Thai,English|French|German|Spanish - Spain|Russian|Japanese|Simplified Chinese,AMD Radeon RX 6800 XT|Nvidia GeForce RTX 3070,62550,16068,78618,0.8
1643320,S.T.A.L.K.E.R. 2: Heart of Chornobyl,GSC Game World (worldwide),11,2024,Platinum,60,Action|Adventure|RPG,18,English|French|Italian|German|Spanish - Spain|Japanese|Korean|Polish|Portuguese - Brazil|Russian|Simplified Chinese|Traditional Chinese|Ukrainian|Arabic|Czech|Spanish - Latin America|Turkish|Serbian,English|Ukrainian,Nvidia GeForce RTX 3070 Ti|Nvidia GeForce RTX 4070|AMD Radeon RX 6800 XT,61955,12713,74668,0.83
2054970,Dragon's Dogma 2,"CAPCOM Co., Ltd.",03,2024,Platinum,70,Action|RPG,18,English|French|Italian|German|Spanish - Spain|Arabic|Spanish - Latin America|Portuguese - Brazil|Russian|Simplified Chinese|Traditional Chinese|Japanese|Korean|Polish,English|Japanese,NVIDIA GeForce RTX 2080|AMD Radeon RX 6700,34862,25555,60417,0.58
1623730,Palworld,Pocketpair,01,2024,Platinum,30,Action|Adventure|Indie|RPG|Early Access,NA,English|Simplified Chinese|Traditional Chinese|Japanese|French|Italian|German|Spanish - Spain|Portuguese - Brazil|Russian|Korean|Indonesian|Spanish - Latin America|Thai|Turkish|Vietnamese|Polish,NA,Nvidia GeForce RTX 2070,215082,14271,229353,0.94
1790600,DRAGON BALL: Sparking! ZERO,Bandai Namco Entertainment,10,2024,Platinum,70,Action,12,English|French|Italian|German|Spanish - Spain|Arabic|Indonesian|Spanish - Latin America|Portuguese - Brazil|Polish|Russian|Simplified Chinese|Traditional Chinese|Japanese|Korean|Thai,English|Japanese,Nvidia GeForce RTX 2060|AMD Radeon RX Vega 64,32226,2943,35169,0.92
2694490,Path of Exile 2,Grinding Gear Games,12,2024,Platinum,30,Action|Adventure|Massively Multiplayer|RPG|Early Access,NA,English|French|German|Spanish - Spain|Japanese|Korean|Portuguese - Brazil|Russian|Thai,English,NVIDIA GeForce RTX 2060|Intel Arc A770|AMD Radeon RX 5600 XT,68703,17001,85704,0.8
2358720,Black Myth: Wukong,Game Science,08,2024,Platinum,60,Action|Adventure|RPG,16,English|French|German|Spanish - Spain|Japanese|Korean|Polish|Portuguese - Brazil|Russian|Simplified Chinese|Traditional Chinese|Italian|Turkish|Thai|Czech,English|Simplified Chinese,NVIDIA GeForce RTX 2060|AMD Radeon RX 5700 XT|INTEL Arc A750,634089,28665,662754,0.96
553850,HELLDIVERS™ 2,PlayStation Publishing LLC,02,2024,Platinum,40,Action,18,English|French|Italian|German|Spanish - Spain|Japanese|Korean|Portuguese - Brazil|Spanish - Latin America|Polish|Portuguese - Portugal|Russian|Simplified Chinese|Traditional Chinese,English|French|Italian|German|Spanish - Spain|Japanese|Portuguese - Brazil|Spanish - Latin America,NVIDIA GeForce RTX 2060|AMD Radeon RX 6600 XT,174213,51027,225240,0.77
2669320,EA SPORTS FC™ 25,Electronic Arts,09,2024,Platinum,70,Simulation|Sports,3,English|French|Italian|German|Spanish - Spain|Arabic|Czech|Danish|Dutch|Japanese|Korean|Norwegian|Polish|Portuguese - Brazil|Portuguese - Portugal|Russian|Simplified Chinese|Spanish - Latin America|Swedish|Traditional Chinese|Turkish,English|French|Italian|German|Spanish - Spain|Arabic|Dutch|Japanese|Korean|Polish|Portuguese - Brazil|Russian|Simplified Chinese|Spanish - Latin America,AMD Radeon RX 5600 XT|Nvidia GeForce GTX 1660,7654,8926,16580,0.46
2878980,NBA 2K25,2K,10,2024,Platinum,70,Simulation|Sports,3,English|French|Italian|German|Spanish - Spain|Japanese|Korean|Simplified Chinese|Traditional Chinese,English,NVIDIA GeForce RTX 2070|AMD Radeon RX 5700|Intel Arc A770,2558,1681,4239,0.6
1363080,Manor Lords,Hooded Horse,04,2024,Platinum,40,Simulation|Strategy|Early Access,NA,English|German|Polish|Simplified Chinese|French|Japanese|Spanish - Spain|Korean|Portuguese - Brazil|Russian|Traditional Chinese|Italian|Turkish|Czech|Danish|Dutch|Hungarian|Swedish|Ukrainian,English,NVIDIA GeForce GTX 1060|AMD Radeon RX 580|Intel Arc A580,34694,4709,39403,0.88
1145350,Hades II,Supergiant Games,09,2024,Gold,30,Action|Indie|RPG,12,English|French|Italian|German|Spanish - Spain|Greek|Japanese|Korean|Polish|Portuguese - Brazil|Russian|Simplified Chinese|Traditional Chinese|Turkish|Ukrainian,English,Nvidia GeForce RTX 2060|AMD Radeon RX 5600 XT|Intel Arc A580,16887,1016,17903,0.94
881020,Granblue Fantasy: Relink,"Cygames, Inc.",01,2024,Gold,60,Action|Adventure|RPG,12,English|Japanese|Italian|German|Spanish - Spain|Portuguese - Brazil|Simplified Chinese|Traditional Chinese|Korean|French,English|Japanese,NVIDIA GeForce RTX 2080|AMD Radeon RX 6700 XT,22250,3044,25294,0.88
1203620,Enshrouded,Keen Games GmbH,01,2024,Gold,30,Action|Adventure|Indie|RPG|Early Access,NA,English|French|Italian|German|Spanish - Spain|Japanese|Korean|Polish|Portuguese - Brazil|Russian|Simplified Chinese|Traditional Chinese|Turkish|Ukrainian|Thai,NA,NVIDIA GeForce RTX 2070 Super|AMD Radeon RX 6700 XT|Intel ARC A770,30604,5158,35762,0.86
899770,Last Epoch,Eleventh Hour Games,02,2024,Gold,35,Action|Adventure|Indie|RPG,NA,English|French|German|Korean|Polish|Portuguese - Brazil|Russian|Simplified Chinese|Spanish - Spain|Japanese,English,nVidia GeForce RTX 3060|AMD Radeon RX 6600 XT,40647,18639,59286,0.69
2300320,Farming Simulator 25,GIANTS Software,11,2024,Gold,30,Simulation,3,English|French|Italian|German|Spanish - Spain|Czech|Danish|Dutch|Finnish|Hungarian|Japanese|Korean|Norwegian|Polish|Portuguese - Brazil|Portuguese - Portugal|Romanian|Russian|Simplified Chinese|Spanish - Latin America|Swedish|Traditional Chinese|Turkish|Ukrainian|Vietnamese|Indonesian,English,Nvidia GeForce RTX 2070|AMD Radeon RX 5700 XT|Intel Arc A750,12076,2920,14996,0.81
2479810,Gray Zone Warfare,"MADFINGER Games, a.s.",04,2024,Gold,40,Action|Massively Multiplayer|Simulation|Early Access,NA,English|French|Italian|German|Spanish - Spain|Czech|Japanese|Korean|Polish|Portuguese - Brazil|Simplified Chinese|Turkish,English,NVIDIA GeForce RTX 2080 Ti|AMD Radeon RX 6800 XT,27655,14615,42270,0.65
2074920,The First Descendant,NEXON,06,2024,Gold,0,Action|Adventure|RPG|Free To Play,12,English|Japanese|Simplified Chinese|Traditional Chinese|Korean|French|Italian|German|Spanish - Spain|Polish|Portuguese - Brazil|Russian,English|Korean,Nvidia GeForce RTX 2060|AMD Radeon RX 5600 XT|Intel Arc A750,40155,34499,74654,0.54
2767030,Marvel Rivals,NetEase Games,12,2024,Gold,0,Action|Free To Play,NA,English|French|Italian|German|Spanish - Spain|Russian|Turkish|Thai|Simplified Chinese|Traditional Chinese|Spanish - Latin America|Korean|Japanese|Polish|Portuguese - Brazil|Arabic,English|Simplified Chinese|Japanese,NVIDIA GeForce RTX 2060 Super|AMD Radeon RX 5700 XT|Intel Arc A750,116150,29023,145173,0.8
1778820,TEKKEN 8,Bandai Namco Entertainment,01,2024,Gold,60,Action,16,English|French|Italian|German|Spanish - Spain|Arabic|Japanese|Korean|Portuguese - Brazil|Simplified Chinese|Traditional Chinese|Polish|Russian|Thai|Spanish - Latin America,English,Nvidia GeForce RTX 2070|AMD Radeon RX 5700 XT,10853,1406,12259,0.89
1845910,Dragon Age™: The Veilguard,Electronic Arts,10,2024,Gold,60,Action|Adventure|RPG|Strategy,18,English|French|Italian|German|Spanish - Spain|Japanese|Korean|Polish|Portuguese - Brazil|Simplified Chinese|Traditional Chinese|Russian,English|French|German,NVIDIA GeForce RTX 2070|AMD Radeon RX 5700 XT,20582,7767,28349,0.73
2215430,Ghost of Tsushima DIRECTOR'S CUT,PlayStation Publishing LLC,05,2024,Gold,60,Action|Adventure,18,English|French|Italian|German|Spanish - Spain|Arabic|Czech|Danish|Dutch|Finnish|Greek|Hungarian|Japanese|Korean|Norwegian|Polish|Portuguese - Brazil|Portuguese - Portugal|Russian|Simplified Chinese|Spanish - Latin America|Swedish|Thai|Traditional Chinese|Turkish|Croatian,English|French|Italian|German|Spanish - Spain|Japanese|Polish|Portuguese - Brazil|Portuguese - Portugal|Russian|Spanish - Latin America,NVIDIA GeForce RTX 2060|AMD Radeon RX 5600 XT,18660,2175,20835,0.9
2429640,THRONE AND LIBERTY,Amazon Games,10,2024,Gold,0,Action|Adventure|Massively Multiplayer|RPG|Free To Play,16,English|French|German|Japanese|Portuguese - Brazil|Spanish - Latin America|Korean|Traditional Chinese,English|Japanese|Korean,NVIDIA Geforce GTX 1660,32574,16168,48742,0.67
2688950,Planet Coaster 2,Frontier Developments,11,2024,Silver,50,Simulation|Strategy,3,English|French|Italian|German|Spanish - Spain|Czech|Dutch|Japanese|Korean|Polish|Portuguese - Brazil|Simplified Chinese|Traditional Chinese,English|French|German|Spanish - Spain|Japanese|Korean|Simplified Chinese,NVIDIA GeForce RTX 2070 Super|AMD Radeon RX 6700 XT|Intel Arc A770,3503,2039,5542,0.63
2161700,Persona 3 Reload,SEGA,02,2024,Silver,60,Adventure|RPG|Strategy,16,English|French|Italian|German|Spanish - Spain|Japanese|Korean|Polish|Portuguese - Brazil|Russian|Simplified Chinese|Traditional Chinese|Turkish,English|Japanese,NVIDIA GeForce GTX 1650|AMD Radeon R9 290X,10948,335,11283,0.97
2139460,Once Human,Starry Studio,07,2024,Silver,0,Action|Adventure|RPG|Simulation|Strategy|Free To Play,NA,English|Simplified Chinese|French|German|Japanese|Korean|Traditional Chinese|Portuguese - Brazil|Spanish - Latin America|Russian,English|Simplified Chinese,Nvidia GTX 1060|AMD Radeon RX 580|Intel ARC A380,49146,20373,69519,0.71
1928980,Nightingale,Inflexion Games,02,2024,Silver,30,Action|Adventure|RPG|Early Access,NA,English|French|Italian|German|Spanish - Spain|Japanese|Korean|Portuguese - Brazil|Simplified Chinese|Spanish - Latin America|Traditional Chinese,English,Nvidia GeForce RTX 2060 Super|AMD Radeon RX 5700 XT,6429,4038,10467,0.61
1326470,Sons Of The Forest,Newnight,02,2024,Silver,30,Action|Adventure|Indie|Simulation,NA,English|French|Italian|German|Spanish - Spain|Czech|Finnish|Japanese|Korean|Polish|Portuguese - Brazil|Russian|Simplified Chinese|Swedish|Traditional Chinese|Turkish,English,NVIDIA GeForce GTX 1080 Ti|AMD Radeon RX 5700 XT,11054,1428,12482,0.89
2321470,Deep Rock Galactic: Survivor,Ghost Ship Publishing,09,2024,Silver,13,Action,NA,English|French|German|Spanish - Spain|Simplified Chinese|Italian|Korean|Portuguese - Brazil|Traditional Chinese|Ukrainian|Hungarian|Russian|Japanese|Polish|Turkish|Indonesian|Spanish - Latin America,English,NA,2697,738,3435,0.79
2420110,Horizon Forbidden West™ Complete Edition,PlayStation Publishing LLC,03,2024,Silver,60,Action|RPG,16,English|French|Italian|German|Spanish - Spain|Arabic|Czech|Danish|Dutch|Finnish|Greek|Hungarian|Japanese|Korean|Norwegian|Polish|Portuguese - Brazil|Portuguese - Portugal|Russian|Simplified Chinese|Spanish - Latin America|Swedish|Thai|Traditional Chinese|Turkish,English|French|Italian|German|Spanish - Spain|Arabic|Japanese|Polish|Portuguese - Brazil|Portuguese - Portugal|Russian|Spanish - Latin America,NVIDIA GeForce RTX 3060|AMD Radeon RX 5700,6355,655,7010,0.91
1934680,Age of Mythology: Retold,Xbox Game Studios,09,2024,Silver,30,Strategy,12,English|French|Italian|German|Spanish - Spain|Danish|Dutch|Finnish|Greek|Japanese|Korean|Norwegian|Polish|Portuguese - Brazil|Portuguese - Portugal|Russian|Simplified Chinese|Spanish - Latin America|Swedish|Thai|Traditional Chinese|Turkish|Vietnamese|Czech|Hungarian,English|French|Italian|German|Spanish - Spain|Japanese|Korean|Portuguese - Brazil|Simplified Chinese|Spanish - Latin America|Traditional Chinese,Nvidia GeForce GTX 970|AMD Radeon RX 570,8372,1102,9474,0.88
1575940,Sins of a Solar Empire II,Stardock Entertainment,08,2024,Silver,50,Simulation|Strategy,NA,English|French|Italian|German|Japanese|Korean|Polish|Portuguese - Brazil|Russian|Simplified Chinese|Spanish - Latin America|Hungarian,English,Nvidia GeForce GTX 1060|AMD Radeon RX 580,3379,546,3925,0.86
1371980,No Rest for the Wicked,Moon Studios GmbH,04,2024,Silver,40,Action|Adventure|RPG|Early Access,NA,English|French|Italian|German|Spanish - Spain|Japanese|Korean|Polish|Portuguese - Brazil|Simplified Chinese|Traditional Chinese|Russian,English,Nvidia GeForce RTX 2060|AMD Radeon RX 5700 XT,16889,6116,23005,0.73
2552430,KINGDOM HEARTS -HD 1.5+2.5 ReMIX-,Square Enix,06,2024,Silver,50,Action|Adventure|RPG,12,English|French|Italian|German|Spanish - Spain|Japanese,English|Japanese,NVIDIA GeForce GTX 750|AMD Radeon RX 460,2604,1036,3640,0.72
2881650,Content Warning,Landfall,04,2024,Silver,8,Action|Adventure|Indie,NA,English|French|Italian|German|Spanish - Spain|Japanese|Korean|Portuguese - Brazil|Russian|Simplified Chinese|Traditional Chinese|Ukrainian,NA,NVIDIA GeForce GTX 1060|AMD Radeon RX 470,12341,973,13314,0.93
1604030,V Rising,Stunlock Studios,05,2024,Silver,35,Action|Adventure|Massively Multiplayer,12,English|French|German|Spanish - Spain|Portuguese - Brazil|Simplified Chinese|Italian|Hungarian|Japanese|Korean|Polish|Russian|Turkish|Traditional Chinese|Thai|Ukrainian,English,NVIDIA GeForce GTX 1070|AMD Radeon RX 590,11565,1766,13331,0.87
2406770,Bodycam,Reissad Studio,06,2024,Silver,34,Action|Indie|Massively Multiplayer|Simulation|Strategy|Early Access,NA,English|French|Italian|German|Spanish - Spain|Arabic|Japanese|Korean|Russian|Simplified Chinese,English,AMD Radeon RX 6600 XT|NVIDIA GeForce RTX 3060,13227,4830,18057,0.73
2701660,DRAGON QUEST III HD-2D Remake,Square Enix,11,2024,Silver,60,RPG,12,English|French|Italian|German|Spanish - Spain|Spanish - Latin America|Simplified Chinese|Traditional Chinese|Japanese|Korean,English|Japanese,AMD Radeon RX 470|Intel Arc A580|NVIDIA GeForce GTX 1060,1836,739,2575,0.71
2679460,Metaphor: ReFantazio,SEGA,10,2024,Silver,70,Action|Adventure|RPG,16,English|French|Italian|German|Spanish - Spain|Japanese|Korean|Russian|Simplified Chinese|Traditional Chinese|Portuguese - Brazil|Spanish - Latin America,English|Japanese,NVIDIA GeForce GTX 970|AMD Radeon RX 480|Intel Arc A380,8758,927,9685,0.9
2072450,Like a Dragon: Infinite Wealth,SEGA,01,2024,Silver,70,Action|Adventure|RPG,18,English|French|Italian|German|Spanish - Spain|Japanese|Korean|Simplified Chinese|Traditional Chinese|Portuguese - Brazil|Russian,English|Japanese|Simplified Chinese,NVIDIA GeForce RTX 2060|AMD Radeon RX 5700|Intel Arc A750,5414,525,5939,0.91
1601580,Frostpunk 2,11 bit studios,09,2024,Silver,45,Simulation|Strategy,16,English|French|Italian|German|Spanish - Spain|Japanese|Korean|Polish|Portuguese - Brazil|Russian|Simplified Chinese|Turkish|Traditional Chinese|Ukrainian,English|Simplified Chinese,AMD Radeon RX 5700|NVIDIA GeForce RTX 2060 Super|INTEL ARC A770,8079,3005,11084,0.73
2677660,Indiana Jones and the Great Circle,Bethesda Softworks,12,2024,Silver,70,Action|Adventure,16,English|French|Italian|German|Spanish - Spain|Arabic|Japanese|Korean|Polish|Portuguese - Brazil|Russian|Simplified Chinese|Spanish - Latin America|Traditional Chinese,English|French|Italian|German|Spanish - Spain|Japanese|Polish|Portuguese - Brazil|Spanish - Latin America,NVIDIA GeForce RTX 3080 Ti|AMD Radeon RX 7700 XT,5287,554,5841,0.91
2515020,FINAL FANTASY XVI,Square Enix,09,2024,Silver,50,Action|RPG,18,English|French|Italian|German|Spanish - Spain|Arabic|Spanish - Latin America|Portuguese - Brazil|Polish|Russian|Simplified Chinese|Traditional Chinese|Japanese|Korean,English|French|Italian|German|Spanish - Latin America|Japanese,AMD Radeon RX 6700 XT|NVIDIA GeForce RTX 2080,5657,1683,7340,0.77
1672500,GUNDAM BREAKER 4,Bandai Namco Entertainment Inc.,08,2024,Silver,60,Action|RPG,7,English|Japanese|French|Italian|German|Spanish - Spain|Indonesian|Spanish - Latin America|Thai|Portuguese - Brazil|Simplified Chinese|Traditional Chinese|Korean,English|Japanese|Simplified Chinese|Traditional Chinese,Nvidia GeForce GTX 970|AMD Radeon RX 580|Intel Arc A770,1863,506,2369,0.79
2322010,God of War Ragnarök,PlayStation Publishing LLC,09,2024,Silver,60,Action|Adventure|RPG,18,English|French|Italian|German|Spanish - Spain|Arabic|Czech|Dutch|Greek|Hungarian|Japanese|Korean|Polish|Portuguese - Brazil|Portuguese - Portugal|Russian|Simplified Chinese|Spanish - Latin America|Thai|Traditional Chinese|Turkish|Croatian,English|French|Italian|German|Spanish - Spain|Arabic|Greek|Japanese|Polish|Portuguese - Brazil|Portuguese - Portugal|Russian|Spanish - Latin America,NVIDIA GeForce RTX 2060 Super|AMD Radeon RX 5700|Intel Arc A770,7407,2184,9591,0.77
2567870,Chained Together,Anegar Games,06,2024,Silver,5,Adventure|Casual|Indie|Simulation,NA,English,English,NVIDIA GeForce RTX 3060,16568,1932,18500,0.9
526870,Satisfactory,Coffee Stain Publishing,09,2024,Silver,40,Adventure|Indie|Simulation|Strategy,NA,English|French|Italian|German|Spanish - Spain|Japanese|Korean|Polish|Portuguese - Brazil|Russian|Simplified Chinese|Traditional Chinese|Ukrainian,English,Nvidia GeForce RTX 2070,20679,1218,21897,0.94
2537590,Microsoft Flight Simulator 2024,Xbox Game Studios,11,2024,Silver,70,Simulation,3,English|French|Italian|German|Spanish - Spain|Dutch|Finnish|Japanese|Korean|Norwegian|Polish|Portuguese - Brazil|Portuguese - Portugal|Russian|Simplified Chinese|Spanish - Latin America|Swedish|Turkish,English|French|Italian|German|Spanish - Spain|Dutch|Finnish|Japanese|Korean|Norwegian|Polish|Portuguese - Brazil|Portuguese - Portugal|Russian|Simplified Chinese|Spanish - Latin America|Swedish|Turkish,AMD Radeon RX 5700 XT|Nvidia GeForce RTX 2080,3459,5714,9173,0.38
2124490,SILENT HILL 2,KONAMI,10,2024,Silver,70,Action|Adventure,18,English|French|Italian|German|Spanish - Spain|Spanish - Latin America|Polish|Russian|Simplified Chinese|Traditional Chinese|Japanese|Korean|Ukrainian|Portuguese - Brazil,English|Japanese,NVIDIA GeForce RTX 2080|AMD Radeon RX 6800 XT,16956,928,17884,0.95
